issue_id,issue_desc,issue_impact,issue_help,issue_url,issue_name,issue_filter,issue_overall_impact,issue_note_overall_impact_hdv,issue_severity,issue_data_related,issue_data_related_rule,issue_pour_category,issue_wcag_level,issue_difficulty_to_fix,issue_missing_label_related,resource_category,violations,passes,total_checks
accesskeys,Ensures every accesskey attribute value is unique,serious,accesskey attribute value should be unique,https://dequeuniversity.com/rules/axe/4.9/accesskeys?application=playwright,Accesskey Not Unique,,minor,people can still access this,not severe,O,related to data download,,,Moderate,X,data-portal,7,396,403
accesskeys,Ensures every accesskey attribute value is unique,serious,accesskey attribute value should be unique,https://dequeuniversity.com/rules/axe/4.9/accesskeys?application=playwright,Accesskey Not Unique,,minor,people can still access this,not severe,O,related to data download,,,Moderate,X,government,8,214,222
accesskeys,Ensures every accesskey attribute value is unique,serious,accesskey attribute value should be unique,https://dequeuniversity.com/rules/axe/4.9/accesskeys?application=playwright,Accesskey Not Unique,,minor,people can still access this,not severe,O,related to data download,,,Moderate,X,journal,21,169,190
area-alt,Ensures <area> elements of image maps have alternate text,critical,Active <area> elements must have alternate text,https://dequeuniversity.com/rules/axe/4.9/area-alt?application=playwright,Area Has No Label,,critical,,severe,X,-,,A,Difficult,O,data-portal,4264,2525,6789
area-alt,Ensures <area> elements of image maps have alternate text,critical,Active <area> elements must have alternate text,https://dequeuniversity.com/rules/axe/4.9/area-alt?application=playwright,Area Has No Label,,critical,,severe,X,-,,A,Difficult,O,government,2,446,448
area-alt,Ensures <area> elements of image maps have alternate text,critical,Active <area> elements must have alternate text,https://dequeuniversity.com/rules/axe/4.9/area-alt?application=playwright,Area Has No Label,,critical,,severe,X,-,,A,Difficult,O,journal,136,48,184
aria-allowed-attr,Ensures an element's role supports its ARIA attributes,,Elements must only use supported ARIA attributes,https://dequeuniversity.com/rules/axe/4.9/aria-allowed-attr?application=playwright,ARIA With Error (unsupported attributes),,critical,,severe,O,related to any data aspects,,A,Difficult,X,data-portal,386,13424,13810
aria-allowed-attr,Ensures an element's role supports its ARIA attributes,,Elements must only use supported ARIA attributes,https://dequeuniversity.com/rules/axe/4.9/aria-allowed-attr?application=playwright,ARIA With Error (unsupported attributes),,critical,,severe,O,related to any data aspects,,A,Difficult,X,government,283,14083,14366
aria-allowed-attr,Ensures an element's role supports its ARIA attributes,,Elements must only use supported ARIA attributes,https://dequeuniversity.com/rules/axe/4.9/aria-allowed-attr?application=playwright,ARIA With Error (unsupported attributes),,critical,,severe,O,related to any data aspects,,A,Difficult,X,journal,2011,55015,57026
aria-allowed-role,Ensures role attribute has an appropriate value for the element,,ARIA role should be appropriate for the element,https://dequeuniversity.com/rules/axe/4.9/aria-allowed-role?application=playwright,ARIA With Error (disallowed roles),,minor,,severe,O,related to any data aspects,,,Moderate,X,data-portal,253,40852,41105
aria-allowed-role,Ensures role attribute has an appropriate value for the element,,ARIA role should be appropriate for the element,https://dequeuniversity.com/rules/axe/4.9/aria-allowed-role?application=playwright,ARIA With Error (disallowed roles),,minor,,severe,O,related to any data aspects,,,Moderate,X,government,145,22645,22790
aria-allowed-role,Ensures role attribute has an appropriate value for the element,,ARIA role should be appropriate for the element,https://dequeuniversity.com/rules/axe/4.9/aria-allowed-role?application=playwright,ARIA With Error (disallowed roles),,minor,,severe,O,related to any data aspects,,,Moderate,X,journal,754,112594,113348
aria-command-name,"Ensures every ARIA button, link and menuitem has an accessible name",,ARIA commands must have an accessible name,https://dequeuniversity.com/rules/axe/4.9/aria-command-name?application=playwright,ARIA Role Has No Label,,critical,,severe,O,related to data filter/search,,A,Difficult,O,data-portal,46,1244,1290
aria-command-name,"Ensures every ARIA button, link and menuitem has an accessible name",,ARIA commands must have an accessible name,https://dequeuniversity.com/rules/axe/4.9/aria-command-name?application=playwright,ARIA Role Has No Label,,critical,,severe,O,related to data filter/search,,A,Difficult,O,government,7,1265,1272
aria-command-name,"Ensures every ARIA button, link and menuitem has an accessible name",,ARIA commands must have an accessible name,https://dequeuniversity.com/rules/axe/4.9/aria-command-name?application=playwright,ARIA Role Has No Label,,critical,,severe,O,related to data filter/search,,A,Difficult,O,journal,881,3557,4438
aria-conditional-attr,Ensures ARIA attributes are used as described in the specification of the element's role,,ARIA attributes must be used as specified for the element's role,https://dequeuniversity.com/rules/axe/4.9/aria-conditional-attr?application=playwright,ARIA With Error (wrong attribute usage),,critical,,severe,O,related to any data aspects,,A,Difficult,X,data-portal,35,13775,13810
aria-conditional-attr,Ensures ARIA attributes are used as described in the specification of the element's role,,ARIA attributes must be used as specified for the element's role,https://dequeuniversity.com/rules/axe/4.9/aria-conditional-attr?application=playwright,ARIA With Error (wrong attribute usage),,critical,,severe,O,related to any data aspects,,A,Difficult,X,government,0,14366,14366
aria-conditional-attr,Ensures ARIA attributes are used as described in the specification of the element's role,,ARIA attributes must be used as specified for the element's role,https://dequeuniversity.com/rules/axe/4.9/aria-conditional-attr?application=playwright,ARIA With Error (wrong attribute usage),,critical,,severe,O,related to any data aspects,,A,Difficult,X,journal,0,57026,57026
aria-deprecated-role,Ensures elements do not use deprecated roles,,Deprecated ARIA roles must not be used,https://dequeuniversity.com/rules/axe/4.9/aria-deprecated-role?application=playwright,ARIA With Error (deprecated roles),,minor,,severe,O,related to any data aspects,,A,Easy,X,data-portal,0,13102,13102
aria-deprecated-role,Ensures elements do not use deprecated roles,,Deprecated ARIA roles must not be used,https://dequeuniversity.com/rules/axe/4.9/aria-deprecated-role?application=playwright,ARIA With Error (deprecated roles),,minor,,severe,O,related to any data aspects,,A,Easy,X,government,0,10894,10894
aria-deprecated-role,Ensures elements do not use deprecated roles,,Deprecated ARIA roles must not be used,https://dequeuniversity.com/rules/axe/4.9/aria-deprecated-role?application=playwright,ARIA With Error (deprecated roles),,minor,,severe,O,related to any data aspects,,A,Easy,X,journal,0,46875,46875
aria-dialog-name,Ensures every ARIA dialog and alertdialog node has an accessible name,serious,ARIA dialog and alertdialog nodes should have an accessible name,https://dequeuniversity.com/rules/axe/4.9/aria-dialog-name?application=playwright,Dialog Has No Label,,critical,,severe,O,can be related to data perceive,,,Difficult,O,data-portal,14,54,68
aria-dialog-name,Ensures every ARIA dialog and alertdialog node has an accessible name,serious,ARIA dialog and alertdialog nodes should have an accessible name,https://dequeuniversity.com/rules/axe/4.9/aria-dialog-name?application=playwright,Dialog Has No Label,,critical,,severe,O,can be related to data perceive,,,Difficult,O,government,15,19,34
aria-dialog-name,Ensures every ARIA dialog and alertdialog node has an accessible name,serious,ARIA dialog and alertdialog nodes should have an accessible name,https://dequeuniversity.com/rules/axe/4.9/aria-dialog-name?application=playwright,Dialog Has No Label,,critical,,severe,O,can be related to data perceive,,,Difficult,O,journal,138,656,794
aria-hidden-body,"Ensures aria-hidden=true"" is not present on the document body.""",,"aria-hidden=true"" must not be present on the document body""",https://dequeuniversity.com/rules/axe/4.9/aria-hidden-body?application=playwright,Body Uses Aria Hidden,,moderate,,severe,O,related to any data aspects,,A,Easy,X,data-portal,0,3052,3052
aria-hidden-body,"Ensures aria-hidden=true"" is not present on the document body.""",,"aria-hidden=true"" must not be present on the document body""",https://dequeuniversity.com/rules/axe/4.9/aria-hidden-body?application=playwright,Body Uses Aria Hidden,,moderate,,severe,O,related to any data aspects,,A,Easy,X,government,0,852,852
aria-hidden-body,"Ensures aria-hidden=true"" is not present on the document body.""",,"aria-hidden=true"" must not be present on the document body""",https://dequeuniversity.com/rules/axe/4.9/aria-hidden-body?application=playwright,Body Uses Aria Hidden,,moderate,,severe,O,related to any data aspects,,A,Easy,X,journal,1,5082,5083
aria-hidden-focus,Ensures aria-hidden elements are not focusable nor contain focusable elements,,ARIA hidden element must not be focusable or contain focusable elements,https://dequeuniversity.com/rules/axe/4.9/aria-hidden-focus?application=playwright,Aria Hidden Has Focusable Element,,moderate,,severe,O,related to any data aspects,,A,Moderate,X,data-portal,73,16172,16245
aria-hidden-focus,Ensures aria-hidden elements are not focusable nor contain focusable elements,,ARIA hidden element must not be focusable or contain focusable elements,https://dequeuniversity.com/rules/axe/4.9/aria-hidden-focus?application=playwright,Aria Hidden Has Focusable Element,,moderate,,severe,O,related to any data aspects,,A,Moderate,X,government,191,9879,10070
aria-hidden-focus,Ensures aria-hidden elements are not focusable nor contain focusable elements,,ARIA hidden element must not be focusable or contain focusable elements,https://dequeuniversity.com/rules/axe/4.9/aria-hidden-focus?application=playwright,Aria Hidden Has Focusable Element,,moderate,,severe,O,related to any data aspects,,A,Moderate,X,journal,615,67009,67624
aria-input-field-name,Ensures every ARIA input field has an accessible name,serious,ARIA input fields must have an accessible name,https://dequeuniversity.com/rules/axe/4.9/aria-input-field-name?application=playwright,Aria Input Has No Label,,critical,,severe,O,related to data filter/search,,A,Difficult,O,data-portal,73,51,124
aria-input-field-name,Ensures every ARIA input field has an accessible name,serious,ARIA input fields must have an accessible name,https://dequeuniversity.com/rules/axe/4.9/aria-input-field-name?application=playwright,Aria Input Has No Label,,critical,,severe,O,related to data filter/search,,A,Difficult,O,government,26,20,46
aria-input-field-name,Ensures every ARIA input field has an accessible name,serious,ARIA input fields must have an accessible name,https://dequeuniversity.com/rules/axe/4.9/aria-input-field-name?application=playwright,Aria Input Has No Label,,critical,,severe,O,related to data filter/search,,A,Difficult,O,journal,101,22,123
aria-progressbar-name,Ensures every ARIA progressbar node has an accessible name,serious,ARIA progressbar nodes must have an accessible name,https://dequeuniversity.com/rules/axe/4.9/aria-progressbar-name?application=playwright,Progress Bar Has No Label,,minor,likely does not affect to data access,not severe,X,likely not directly related to data itself,,A,Difficult,O,data-portal,12,1,13
aria-progressbar-name,Ensures every ARIA progressbar node has an accessible name,serious,ARIA progressbar nodes must have an accessible name,https://dequeuniversity.com/rules/axe/4.9/aria-progressbar-name?application=playwright,Progress Bar Has No Label,,minor,likely does not affect to data access,not severe,X,likely not directly related to data itself,,A,Difficult,O,government,6,1,7
aria-progressbar-name,Ensures every ARIA progressbar node has an accessible name,serious,ARIA progressbar nodes must have an accessible name,https://dequeuniversity.com/rules/axe/4.9/aria-progressbar-name?application=playwright,Progress Bar Has No Label,,minor,likely does not affect to data access,not severe,X,likely not directly related to data itself,,A,Difficult,O,journal,20,0,20
aria-prohibited-attr,Ensures ARIA attributes are not prohibited for an element's role,,Elements must only use permitted ARIA attributes,https://dequeuniversity.com/rules/axe/4.9/aria-prohibited-attr?application=playwright,ARIA With Error (disallowed attributes),,critical,,severe,O,related to any data aspects,,A,Difficult,X,data-portal,235,12039,12274
aria-prohibited-attr,Ensures ARIA attributes are not prohibited for an element's role,,Elements must only use permitted ARIA attributes,https://dequeuniversity.com/rules/axe/4.9/aria-prohibited-attr?application=playwright,ARIA With Error (disallowed attributes),,critical,,severe,O,related to any data aspects,,A,Difficult,X,government,79,13290,13369
aria-prohibited-attr,Ensures ARIA attributes are not prohibited for an element's role,,Elements must only use permitted ARIA attributes,https://dequeuniversity.com/rules/axe/4.9/aria-prohibited-attr?application=playwright,ARIA With Error (disallowed attributes),,critical,,severe,O,related to any data aspects,,A,Difficult,X,journal,388,54333,54721
aria-required-attr,Ensures elements with ARIA roles have all required ARIA attributes,,Required ARIA attributes must be provided,https://dequeuniversity.com/rules/axe/4.9/aria-required-attr?application=playwright,ARIA With Error (required attributes missing),,critical,,severe,O,related to any data aspects,,A,Difficult,O,data-portal,73,13030,13103
aria-required-attr,Ensures elements with ARIA roles have all required ARIA attributes,,Required ARIA attributes must be provided,https://dequeuniversity.com/rules/axe/4.9/aria-required-attr?application=playwright,ARIA With Error (required attributes missing),,critical,,severe,O,related to any data aspects,,A,Difficult,O,government,14,10880,10894
aria-required-attr,Ensures elements with ARIA roles have all required ARIA attributes,,Required ARIA attributes must be provided,https://dequeuniversity.com/rules/axe/4.9/aria-required-attr?application=playwright,ARIA With Error (required attributes missing),,critical,,severe,O,related to any data aspects,,A,Difficult,O,journal,11,49660,49671
aria-required-children,Ensures elements with an ARIA role that require child roles contain them,,Certain ARIA roles must contain particular children,https://dequeuniversity.com/rules/axe/4.9/aria-required-children?application=playwright,ARIA Role Bad Structre (no required children exist),,critical,,severe,O,related to any data aspects,,A,Difficult,X,data-portal,151,3052,3203
aria-required-children,Ensures elements with an ARIA role that require child roles contain them,,Certain ARIA roles must contain particular children,https://dequeuniversity.com/rules/axe/4.9/aria-required-children?application=playwright,ARIA Role Bad Structre (no required children exist),,critical,,severe,O,related to any data aspects,,A,Difficult,X,government,55,209,264
aria-required-children,Ensures elements with an ARIA role that require child roles contain them,,Certain ARIA roles must contain particular children,https://dequeuniversity.com/rules/axe/4.9/aria-required-children?application=playwright,ARIA Role Bad Structre (no required children exist),,critical,,severe,O,related to any data aspects,,A,Difficult,X,journal,389,1233,1622
aria-required-parent,Ensures elements with an ARIA role that require parent roles are contained by them,,Certain ARIA roles must be contained by particular parents,https://dequeuniversity.com/rules/axe/4.9/aria-required-parent?application=playwright,ARIA Role Bad Structre (no required parent exist),,critical,,severe,O,related to any data aspects,,A,Difficult,X,data-portal,201,4479,4680
aria-required-parent,Ensures elements with an ARIA role that require parent roles are contained by them,,Certain ARIA roles must be contained by particular parents,https://dequeuniversity.com/rules/axe/4.9/aria-required-parent?application=playwright,ARIA Role Bad Structre (no required parent exist),,critical,,severe,O,related to any data aspects,,A,Difficult,X,government,25,868,893
aria-required-parent,Ensures elements with an ARIA role that require parent roles are contained by them,,Certain ARIA roles must be contained by particular parents,https://dequeuniversity.com/rules/axe/4.9/aria-required-parent?application=playwright,ARIA Role Bad Structre (no required parent exist),,critical,,severe,O,related to any data aspects,,A,Difficult,X,journal,493,6164,6657
aria-roles,Ensures all elements with a role attribute use a valid value,,ARIA roles used must conform to valid values,https://dequeuniversity.com/rules/axe/4.9/aria-roles?application=playwright,ARIA With Error (role with invalid value),,critical,,severe,O,related to any data aspects,,A,Difficult,X,data-portal,63,13039,13102
aria-roles,Ensures all elements with a role attribute use a valid value,,ARIA roles used must conform to valid values,https://dequeuniversity.com/rules/axe/4.9/aria-roles?application=playwright,ARIA With Error (role with invalid value),,critical,,severe,O,related to any data aspects,,A,Difficult,X,government,12,10882,10894
aria-roles,Ensures all elements with a role attribute use a valid value,,ARIA roles used must conform to valid values,https://dequeuniversity.com/rules/axe/4.9/aria-roles?application=playwright,ARIA With Error (role with invalid value),,critical,,severe,O,related to any data aspects,,A,Difficult,X,journal,63,46812,46875
aria-text,"Ensures role=text"" is used on elements with no focusable descendants""",,"role=text"" should have no focusable descendants""",https://dequeuniversity.com/rules/axe/4.9/aria-text?application=playwright,,,,,,,,,,,,journal,0,1,1
aria-toggle-field-name,Ensures every ARIA toggle field has an accessible name,,ARIA toggle fields must have an accessible name,https://dequeuniversity.com/rules/axe/4.9/aria-toggle-field-name?application=playwright,Toggle Has No Label,,critical,,severe,O,related to any data aspects,,A,Difficult,O,data-portal,4,113,117
aria-toggle-field-name,Ensures every ARIA toggle field has an accessible name,,ARIA toggle fields must have an accessible name,https://dequeuniversity.com/rules/axe/4.9/aria-toggle-field-name?application=playwright,Toggle Has No Label,,critical,,severe,O,related to any data aspects,,A,Difficult,O,government,1,20,21
aria-toggle-field-name,Ensures every ARIA toggle field has an accessible name,,ARIA toggle fields must have an accessible name,https://dequeuniversity.com/rules/axe/4.9/aria-toggle-field-name?application=playwright,Toggle Has No Label,,critical,,severe,O,related to any data aspects,,A,Difficult,O,journal,1,161,162
aria-tooltip-name,Ensures every ARIA tooltip node has an accessible name,,ARIA tooltip nodes must have an accessible name,https://dequeuniversity.com/rules/axe/4.9/aria-tooltip-name?application=playwright,Tooltip Has No Label,,critical,,severe,O,related to data representations,,A,Difficult,O,data-portal,0,3,3
aria-treeitem-name,Ensures every ARIA treeitem node has an accessible name,,ARIA treeitem nodes should have an accessible name,https://dequeuniversity.com/rules/axe/4.9/aria-treeitem-name?application=playwright,Treeitem Has No Label,,critical,,severe,O,related to data representations,,A,Difficult,O,data-portal,0,53,53
aria-valid-attr,Ensures attributes that begin with aria- are valid ARIA attributes,,ARIA attributes must conform to valid names,https://dequeuniversity.com/rules/axe/4.9/aria-valid-attr?application=playwright,ARIA With Error (invalid attributes),,critical,,severe,O,related to any data aspects,,A,Difficult,X,data-portal,10,13800,13810
aria-valid-attr,Ensures attributes that begin with aria- are valid ARIA attributes,,ARIA attributes must conform to valid names,https://dequeuniversity.com/rules/axe/4.9/aria-valid-attr?application=playwright,ARIA With Error (invalid attributes),,critical,,severe,O,related to any data aspects,,A,Difficult,X,government,5,14361,14366
aria-valid-attr,Ensures attributes that begin with aria- are valid ARIA attributes,,ARIA attributes must conform to valid names,https://dequeuniversity.com/rules/axe/4.9/aria-valid-attr?application=playwright,ARIA With Error (invalid attributes),,critical,,severe,O,related to any data aspects,,A,Difficult,X,journal,86,56940,57026
aria-valid-attr-value,Ensures all ARIA attributes have valid values,,ARIA attributes must conform to valid values,https://dequeuniversity.com/rules/axe/4.9/aria-valid-attr-value?application=playwright,ARIA With Error (aria with invalid value),,critical,,severe,O,related to any data aspects,,A,Difficult,X,data-portal,74,13412,13486
aria-valid-attr-value,Ensures all ARIA attributes have valid values,,ARIA attributes must conform to valid values,https://dequeuniversity.com/rules/axe/4.9/aria-valid-attr-value?application=playwright,ARIA With Error (aria with invalid value),,critical,,severe,O,related to any data aspects,,A,Difficult,X,government,29,13873,13902
aria-valid-attr-value,Ensures all ARIA attributes have valid values,,ARIA attributes must conform to valid values,https://dequeuniversity.com/rules/axe/4.9/aria-valid-attr-value?application=playwright,ARIA With Error (aria with invalid value),,critical,,severe,O,related to any data aspects,,A,Difficult,X,journal,138,53263,53401
autocomplete-valid,Ensure the autocomplete attribute is correct and suitable for the form field,,autocomplete attribute must be used correctly,https://dequeuniversity.com/rules/axe/4.9/autocomplete-valid?application=playwright,Autocomplete Not Valid,,moderate,,severe,O,related to data filter/search,,AA,Difficult,X,data-portal,0,662,662
autocomplete-valid,Ensure the autocomplete attribute is correct and suitable for the form field,,autocomplete attribute must be used correctly,https://dequeuniversity.com/rules/axe/4.9/autocomplete-valid?application=playwright,Autocomplete Not Valid,,moderate,,severe,O,related to data filter/search,,AA,Difficult,X,government,3,362,365
autocomplete-valid,Ensure the autocomplete attribute is correct and suitable for the form field,,autocomplete attribute must be used correctly,https://dequeuniversity.com/rules/axe/4.9/autocomplete-valid?application=playwright,Autocomplete Not Valid,,moderate,,severe,O,related to data filter/search,,AA,Difficult,X,journal,0,2004,2004
avoid-inline-spacing,Ensure that text spacing set through style attributes can be adjusted with custom stylesheets,,Inline text spacing must be adjustable with custom stylesheets,https://dequeuniversity.com/rules/axe/4.9/avoid-inline-spacing?application=playwright,Small Line Spacing,,minor,,not severe,O,related to any data aspects,,AA,Moderate,X,data-portal,0,138111,138111
avoid-inline-spacing,Ensure that text spacing set through style attributes can be adjusted with custom stylesheets,,Inline text spacing must be adjustable with custom stylesheets,https://dequeuniversity.com/rules/axe/4.9/avoid-inline-spacing?application=playwright,Small Line Spacing,,minor,,not severe,O,related to any data aspects,,AA,Moderate,X,government,3,17067,17070
avoid-inline-spacing,Ensure that text spacing set through style attributes can be adjusted with custom stylesheets,,Inline text spacing must be adjustable with custom stylesheets,https://dequeuniversity.com/rules/axe/4.9/avoid-inline-spacing?application=playwright,Small Line Spacing,,minor,,not severe,O,related to any data aspects,,AA,Moderate,X,journal,10,146632,146642
blink,Ensures <blink> elements are not used,serious,<blink> elements are deprecated and must not be used,https://dequeuniversity.com/rules/axe/4.9/blink?application=playwright,Blink Is Used,,moderate,,severe,O,related to data perceive,,A,Easy,X,data-portal,3,0,3
blink,Ensures <blink> elements are not used,serious,<blink> elements are deprecated and must not be used,https://dequeuniversity.com/rules/axe/4.9/blink?application=playwright,Blink Is Used,,moderate,,severe,O,related to data perceive,,A,Easy,X,journal,23,0,23
button-name,Ensures buttons have discernible text,,Buttons must have discernible text,https://dequeuniversity.com/rules/axe/4.9/button-name?application=playwright,Button Has No Label,,critical,,severe,O,related to data filter/search,,A,Difficult,O,data-portal,438,4690,5128
button-name,Ensures buttons have discernible text,,Buttons must have discernible text,https://dequeuniversity.com/rules/axe/4.9/button-name?application=playwright,Button Has No Label,,critical,,severe,O,related to data filter/search,,A,Difficult,O,government,33,3913,3946
button-name,Ensures buttons have discernible text,,Buttons must have discernible text,https://dequeuniversity.com/rules/axe/4.9/button-name?application=playwright,Button Has No Label,,critical,,severe,O,related to data filter/search,,A,Difficult,O,journal,1089,11250,12339
bypass,Ensures each page has at least one mechanism for a user to bypass navigation and jump straight to the content,,Page must have means to bypass repeated blocks,https://dequeuniversity.com/rules/axe/4.9/bypass?application=playwright,Bypass Not Supported,,moderate,,not severe,O,related to any data aspects,,A,Difficult,X,data-portal,0,2519,2519
bypass,Ensures each page has at least one mechanism for a user to bypass navigation and jump straight to the content,,Page must have means to bypass repeated blocks,https://dequeuniversity.com/rules/axe/4.9/bypass?application=playwright,Bypass Not Supported,,moderate,,not severe,O,related to any data aspects,,A,Difficult,X,government,0,794,794
bypass,Ensures each page has at least one mechanism for a user to bypass navigation and jump straight to the content,,Page must have means to bypass repeated blocks,https://dequeuniversity.com/rules/axe/4.9/bypass?application=playwright,Bypass Not Supported,,moderate,,not severe,O,related to any data aspects,,A,Difficult,X,journal,0,4784,4784
color-contrast,Ensures the contrast between foreground and background colors meets WCAG 2 AA minimum contrast ratio thresholds,serious,Elements must meet minimum color contrast ratio thresholds,https://dequeuniversity.com/rules/axe/4.9/color-contrast?application=playwright,Low Color Contrast,,moderate,,severe,O,related to data representations,,AA,Moderate,X,data-portal,36353,238207,274560
color-contrast,Ensures the contrast between foreground and background colors meets WCAG 2 AA minimum contrast ratio thresholds,serious,Elements must meet minimum color contrast ratio thresholds,https://dequeuniversity.com/rules/axe/4.9/color-contrast?application=playwright,Low Color Contrast,,moderate,,severe,O,related to data representations,,AA,Moderate,X,government,1976,51297,53273
color-contrast,Ensures the contrast between foreground and background colors meets WCAG 2 AA minimum contrast ratio thresholds,serious,Elements must meet minimum color contrast ratio thresholds,https://dequeuniversity.com/rules/axe/4.9/color-contrast?application=playwright,Low Color Contrast,,moderate,,severe,O,related to data representations,,AA,Moderate,X,journal,59939,510981,570920
definition-list,Ensures <dl> elements are structured correctly,,"<dl> elements must only directly contain properly-ordered <dt> and <dd> groups, <script>, <template> or <div> elements",https://dequeuniversity.com/rules/axe/4.9/definition-list?application=playwright,Description List Has Bad Structure (dl structure),,critical,,severe,O,related to any data aspects,,A,Difficult,X,data-portal,66,143,209
definition-list,Ensures <dl> elements are structured correctly,,"<dl> elements must only directly contain properly-ordered <dt> and <dd> groups, <script>, <template> or <div> elements",https://dequeuniversity.com/rules/axe/4.9/definition-list?application=playwright,Description List Has Bad Structure (dl structure),,critical,,severe,O,related to any data aspects,,A,Difficult,X,government,0,8,8
definition-list,Ensures <dl> elements are structured correctly,,"<dl> elements must only directly contain properly-ordered <dt> and <dd> groups, <script>, <template> or <div> elements",https://dequeuniversity.com/rules/axe/4.9/definition-list?application=playwright,Description List Has Bad Structure (dl structure),,critical,,severe,O,related to any data aspects,,A,Difficult,X,journal,387,6112,6499
dlitem,Ensures <dt> and <dd> elements are contained by a <dl>,,<dt> and <dd> elements must be contained by a <dl>,https://dequeuniversity.com/rules/axe/4.9/dlitem?application=playwright,Description List Has Bad Structure (dl missing),,critical,,severe,O,related to any data aspects,,A,Difficult,X,data-portal,49,1067,1116
dlitem,Ensures <dt> and <dd> elements are contained by a <dl>,,<dt> and <dd> elements must be contained by a <dl>,https://dequeuniversity.com/rules/axe/4.9/dlitem?application=playwright,Description List Has Bad Structure (dl missing),,critical,,severe,O,related to any data aspects,,A,Difficult,X,government,0,11,11
dlitem,Ensures <dt> and <dd> elements are contained by a <dl>,,<dt> and <dd> elements must be contained by a <dl>,https://dequeuniversity.com/rules/axe/4.9/dlitem?application=playwright,Description List Has Bad Structure (dl missing),,critical,,severe,O,related to any data aspects,,A,Difficult,X,journal,247,18859,19106
document-title,Ensures each HTML document contains a non-empty <title> element,,Documents must have <title> element to aid in navigation,https://dequeuniversity.com/rules/axe/4.9/document-title?application=playwright,Document Has No Label,,critical,,severe,O,related to understanding page context,,A,Difficult,O,data-portal,141,2972,3113
document-title,Ensures each HTML document contains a non-empty <title> element,,Documents must have <title> element to aid in navigation,https://dequeuniversity.com/rules/axe/4.9/document-title?application=playwright,Document Has No Label,,critical,,severe,O,related to understanding page context,,A,Difficult,O,government,6,846,852
document-title,Ensures each HTML document contains a non-empty <title> element,,Documents must have <title> element to aid in navigation,https://dequeuniversity.com/rules/axe/4.9/document-title?application=playwright,Document Has No Label,,critical,,severe,O,related to understanding page context,,A,Difficult,O,journal,150,4948,5098
duplicate-id-aria,Ensures every id attribute value used in ARIA and in labels is unique,,IDs used in ARIA and labels must be unique,https://dequeuniversity.com/rules/axe/4.9/duplicate-id-aria?application=playwright,Aria Has Duplicated ID,,moderate,,severe,O,related to any data aspects,,A,Moderate,X,data-portal,0,11062,11062
duplicate-id-aria,Ensures every id attribute value used in ARIA and in labels is unique,,IDs used in ARIA and labels must be unique,https://dequeuniversity.com/rules/axe/4.9/duplicate-id-aria?application=playwright,Aria Has Duplicated ID,,moderate,,severe,O,related to any data aspects,,A,Moderate,X,government,0,9547,9547
duplicate-id-aria,Ensures every id attribute value used in ARIA and in labels is unique,,IDs used in ARIA and labels must be unique,https://dequeuniversity.com/rules/axe/4.9/duplicate-id-aria?application=playwright,Aria Has Duplicated ID,,moderate,,severe,O,related to any data aspects,,A,Moderate,X,journal,0,94596,94596
empty-heading,Ensures headings have discernible text,,Headings should not be empty,https://dequeuniversity.com/rules/axe/4.9/empty-heading?application=playwright,Heading Is Empty,,minor,,not severe,X,likely not directly related to data itself,,,Difficult,O,data-portal,263,19063,19326
empty-heading,Ensures headings have discernible text,,Headings should not be empty,https://dequeuniversity.com/rules/axe/4.9/empty-heading?application=playwright,Heading Is Empty,,minor,,not severe,X,likely not directly related to data itself,,,Difficult,O,government,100,10375,10475
empty-heading,Ensures headings have discernible text,,Headings should not be empty,https://dequeuniversity.com/rules/axe/4.9/empty-heading?application=playwright,Heading Is Empty,,minor,,not severe,X,likely not directly related to data itself,,,Difficult,O,journal,1131,71803,72934
empty-table-header,Ensures table headers have discernible text,minor,Table header text should not be empty,https://dequeuniversity.com/rules/axe/4.9/empty-table-header?application=playwright,Table Header No Label,,critical,related WCAG: https://www.w3.org/WAI/WCAG22/Understanding/info-and-relationships,severe,O,directly related to any data aspects,,A,Difficult,O,data-portal,266,3633,3899
empty-table-header,Ensures table headers have discernible text,minor,Table header text should not be empty,https://dequeuniversity.com/rules/axe/4.9/empty-table-header?application=playwright,Table Header No Label,,critical,related WCAG: https://www.w3.org/WAI/WCAG22/Understanding/info-and-relationships,severe,O,directly related to any data aspects,,A,Difficult,O,government,10,111,121
empty-table-header,Ensures table headers have discernible text,minor,Table header text should not be empty,https://dequeuniversity.com/rules/axe/4.9/empty-table-header?application=playwright,Table Header No Label,,critical,related WCAG: https://www.w3.org/WAI/WCAG22/Understanding/info-and-relationships,severe,O,directly related to any data aspects,,A,Difficult,O,journal,185,980,1165
form-field-multiple-labels,Ensures form field does not have multiple label elements,,Form field must not have multiple label elements,https://dequeuniversity.com/rules/axe/4.9/form-field-multiple-labels?application=playwright,Form Has Multiple Labels,,minor,,not severe,O,related to data filter/search,,A,Moderate,X,data-portal,0,7380,7380
form-field-multiple-labels,Ensures form field does not have multiple label elements,,Form field must not have multiple label elements,https://dequeuniversity.com/rules/axe/4.9/form-field-multiple-labels?application=playwright,Form Has Multiple Labels,,minor,,not severe,O,related to data filter/search,,A,Moderate,X,government,0,1186,1186
form-field-multiple-labels,Ensures form field does not have multiple label elements,,Form field must not have multiple label elements,https://dequeuniversity.com/rules/axe/4.9/form-field-multiple-labels?application=playwright,Form Has Multiple Labels,,minor,,not severe,O,related to data filter/search,,A,Moderate,X,journal,0,7955,7955
frame-focusable-content,Ensures <frame> and <iframe> elements with focusable content do not have tabindex=-1,,Frames with focusable content must not have tabindex=-1,https://dequeuniversity.com/rules/axe/4.9/frame-focusable-content?application=playwright,Frame Not Focusable,,moderate,,severe,O,related to any data aspects,,A,Moderate,X,data-portal,0,12,12
frame-focusable-content,Ensures <frame> and <iframe> elements with focusable content do not have tabindex=-1,,Frames with focusable content must not have tabindex=-1,https://dequeuniversity.com/rules/axe/4.9/frame-focusable-content?application=playwright,Frame Not Focusable,,moderate,,severe,O,related to any data aspects,,A,Moderate,X,government,2,0,2
frame-focusable-content,Ensures <frame> and <iframe> elements with focusable content do not have tabindex=-1,,Frames with focusable content must not have tabindex=-1,https://dequeuniversity.com/rules/axe/4.9/frame-focusable-content?application=playwright,Frame Not Focusable,,moderate,,severe,O,related to any data aspects,,A,Moderate,X,journal,1,0,1
frame-tested,Ensures <iframe> and <frame> elements contain the axe-core script,,Frames should be tested with axe-core,https://dequeuniversity.com/rules/axe/4.9/frame-tested?application=playwright,-,O,,,,,,,,,,data-portal,0,740,740
frame-tested,Ensures <iframe> and <frame> elements contain the axe-core script,,Frames should be tested with axe-core,https://dequeuniversity.com/rules/axe/4.9/frame-tested?application=playwright,-,O,,,,,,,,,,government,0,235,235
frame-tested,Ensures <iframe> and <frame> elements contain the axe-core script,,Frames should be tested with axe-core,https://dequeuniversity.com/rules/axe/4.9/frame-tested?application=playwright,-,O,,,,,,,,,,journal,0,1442,1442
frame-title,Ensures <iframe> and <frame> elements have an accessible name,,Frames must have an accessible name,https://dequeuniversity.com/rules/axe/4.9/frame-title?application=playwright,,,,,,,,,,,,data-portal,507,217,724
frame-title,Ensures <iframe> and <frame> elements have an accessible name,,Frames must have an accessible name,https://dequeuniversity.com/rules/axe/4.9/frame-title?application=playwright,,,,,,,,,,,,government,56,179,235
frame-title,Ensures <iframe> and <frame> elements have an accessible name,,Frames must have an accessible name,https://dequeuniversity.com/rules/axe/4.9/frame-title?application=playwright,,,,,,,,,,,,journal,465,974,1439
frame-title-unique,Ensures <iframe> and <frame> elements contain a unique title attribute,,Frames must have a unique title attribute,https://dequeuniversity.com/rules/axe/4.9/frame-title-unique?application=playwright,Frame With Error (duplicated title),,moderate,,not severe,O,related to any data aspects,,A,Moderate,X,data-portal,0,178,178
frame-title-unique,Ensures <iframe> and <frame> elements contain a unique title attribute,,Frames must have a unique title attribute,https://dequeuniversity.com/rules/axe/4.9/frame-title-unique?application=playwright,Frame With Error (duplicated title),,moderate,,not severe,O,related to any data aspects,,A,Moderate,X,government,0,145,145
frame-title-unique,Ensures <iframe> and <frame> elements contain a unique title attribute,,Frames must have a unique title attribute,https://dequeuniversity.com/rules/axe/4.9/frame-title-unique?application=playwright,Frame With Error (duplicated title),,moderate,,not severe,O,related to any data aspects,,A,Moderate,X,journal,0,747,747
heading-order,Ensures the order of headings is semantically correct,,Heading levels should only increase by one,https://dequeuniversity.com/rules/axe/4.9/heading-order?application=playwright,Heading Has Bad Structure (order),,moderate,,not severe,X,likely not directly related to data itself,,A,Difficult,X,data-portal,1293,18033,19326
heading-order,Ensures the order of headings is semantically correct,,Heading levels should only increase by one,https://dequeuniversity.com/rules/axe/4.9/heading-order?application=playwright,Heading Has Bad Structure (order),,moderate,,not severe,X,likely not directly related to data itself,,A,Difficult,X,government,392,10066,10458
heading-order,Ensures the order of headings is semantically correct,,Heading levels should only increase by one,https://dequeuniversity.com/rules/axe/4.9/heading-order?application=playwright,Heading Has Bad Structure (order),,moderate,,not severe,X,likely not directly related to data itself,,A,Difficult,X,journal,2417,70518,72935
html-has-lang,Ensures every HTML document has a lang attribute,,<html> element must have a lang attribute,https://dequeuniversity.com/rules/axe/4.9/html-has-lang?application=playwright,Lang Is Missing,,moderate,,severe,O,related to any data aspects,,A,Moderate,X,data-portal,1521,1593,3114
html-has-lang,Ensures every HTML document has a lang attribute,,<html> element must have a lang attribute,https://dequeuniversity.com/rules/axe/4.9/html-has-lang?application=playwright,Lang Is Missing,,moderate,,severe,O,related to any data aspects,,A,Moderate,X,government,81,771,852
html-has-lang,Ensures every HTML document has a lang attribute,,<html> element must have a lang attribute,https://dequeuniversity.com/rules/axe/4.9/html-has-lang?application=playwright,Lang Is Missing,,moderate,,severe,O,related to any data aspects,,A,Moderate,X,journal,881,4217,5098
html-lang-valid,Ensures the lang attribute of the <html> element has a valid value,,<html> element must have a valid value for the lang attribute,https://dequeuniversity.com/rules/axe/4.9/html-lang-valid?application=playwright,Lang With Error (invalid),,moderate,,severe,O,related to any data aspects,,A,Moderate,X,data-portal,23,1904,1927
html-lang-valid,Ensures the lang attribute of the <html> element has a valid value,,<html> element must have a valid value for the lang attribute,https://dequeuniversity.com/rules/axe/4.9/html-lang-valid?application=playwright,Lang With Error (invalid),,moderate,,severe,O,related to any data aspects,,A,Moderate,X,government,0,955,955
html-lang-valid,Ensures the lang attribute of the <html> element has a valid value,,<html> element must have a valid value for the lang attribute,https://dequeuniversity.com/rules/axe/4.9/html-lang-valid?application=playwright,Lang With Error (invalid),,moderate,,severe,O,related to any data aspects,,A,Moderate,X,journal,35,4859,4894
html-xml-lang-mismatch,Ensure that HTML elements with both valid lang and xml:lang attributes agree on the base language of the page,,HTML elements with lang and xml:lang must have the same base language,https://dequeuniversity.com/rules/axe/4.9/html-xml-lang-mismatch?application=playwright,Lang with Error (conflicting language),,moderate,,severe,O,related to any data aspects,,A,Moderate,X,data-portal,0,180,180
html-xml-lang-mismatch,Ensure that HTML elements with both valid lang and xml:lang attributes agree on the base language of the page,,HTML elements with lang and xml:lang must have the same base language,https://dequeuniversity.com/rules/axe/4.9/html-xml-lang-mismatch?application=playwright,Lang with Error (conflicting language),,moderate,,severe,O,related to any data aspects,,A,Moderate,X,government,0,26,26
html-xml-lang-mismatch,Ensure that HTML elements with both valid lang and xml:lang attributes agree on the base language of the page,,HTML elements with lang and xml:lang must have the same base language,https://dequeuniversity.com/rules/axe/4.9/html-xml-lang-mismatch?application=playwright,Lang with Error (conflicting language),,moderate,,severe,O,related to any data aspects,,A,Moderate,X,journal,1,900,901
image-alt,Ensures <img> elements have alternate text or a role of none or presentation,,Images must have alternate text,https://dequeuniversity.com/rules/axe/4.9/image-alt?application=playwright,Image Has No Label,,critical,,severe,O,related to any data aspects,,A,Difficult,O,data-portal,10850,14313,25163
image-alt,Ensures <img> elements have alternate text or a role of none or presentation,,Images must have alternate text,https://dequeuniversity.com/rules/axe/4.9/image-alt?application=playwright,Image Has No Label,,critical,,severe,O,related to any data aspects,,A,Difficult,O,government,425,9633,10058
image-alt,Ensures <img> elements have alternate text or a role of none or presentation,,Images must have alternate text,https://dequeuniversity.com/rules/axe/4.9/image-alt?application=playwright,Image Has No Label,,critical,,severe,O,related to any data aspects,,A,Difficult,O,journal,17579,53705,71284
image-redundant-alt,Ensure image alternative is not repeated as text,,Alternative text of images should not be repeated as text,https://dequeuniversity.com/rules/axe/4.9/image-redundant-alt?application=playwright,Image Has Duplicated Label,,minor,,not severe,X,-,,,Easy,X,data-portal,113,25050,25163
image-redundant-alt,Ensure image alternative is not repeated as text,,Alternative text of images should not be repeated as text,https://dequeuniversity.com/rules/axe/4.9/image-redundant-alt?application=playwright,Image Has Duplicated Label,,minor,,not severe,X,-,,,Easy,X,government,120,9938,10058
image-redundant-alt,Ensure image alternative is not repeated as text,,Alternative text of images should not be repeated as text,https://dequeuniversity.com/rules/axe/4.9/image-redundant-alt?application=playwright,Image Has Duplicated Label,,minor,,not severe,X,-,,,Easy,X,journal,1016,70044,71060
input-button-name,Ensures input buttons have discernible text,,Input buttons must have discernible text,https://dequeuniversity.com/rules/axe/4.9/input-button-name?application=playwright,Form Button Has No Label,,critical,,severe,O,related to data filter/search,,A,Difficult,O,data-portal,29,1293,1322
input-button-name,Ensures input buttons have discernible text,,Input buttons must have discernible text,https://dequeuniversity.com/rules/axe/4.9/input-button-name?application=playwright,Form Button Has No Label,,critical,,severe,O,related to data filter/search,,A,Difficult,O,government,2,227,229
input-button-name,Ensures input buttons have discernible text,,Input buttons must have discernible text,https://dequeuniversity.com/rules/axe/4.9/input-button-name?application=playwright,Form Button Has No Label,,critical,,severe,O,related to data filter/search,,A,Difficult,O,journal,233,1867,2100
input-image-alt,"Ensures <input type=image""> elements have alternate text""",,Image buttons must have alternate text,https://dequeuniversity.com/rules/axe/4.9/input-image-alt?application=playwright,Image Button Has No Label,,critical,,severe,O,related to data filter/search,,A,Difficult,O,data-portal,22,63,85
input-image-alt,"Ensures <input type=image""> elements have alternate text""",,Image buttons must have alternate text,https://dequeuniversity.com/rules/axe/4.9/input-image-alt?application=playwright,Image Button Has No Label,,critical,,severe,O,related to data filter/search,,A,Difficult,O,government,0,14,14
input-image-alt,"Ensures <input type=image""> elements have alternate text""",,Image buttons must have alternate text,https://dequeuniversity.com/rules/axe/4.9/input-image-alt?application=playwright,Image Button Has No Label,,critical,,severe,O,related to data filter/search,,A,Difficult,O,journal,57,75,132
label,Ensures every form element has a label,,Form elements must have labels,https://dequeuniversity.com/rules/axe/4.9/label?application=playwright,,,,,,,,,,,,data-portal,2749,3530,6279
label,Ensures every form element has a label,,Form elements must have labels,https://dequeuniversity.com/rules/axe/4.9/label?application=playwright,,,,,,,,,,,,government,45,1016,1061
label,Ensures every form element has a label,,Form elements must have labels,https://dequeuniversity.com/rules/axe/4.9/label?application=playwright,,,,,,,,,,,,journal,1591,5637,7228
label-title-only,"Ensures that every form element has a visible label and is not solely labeled using hidden labels, or the title or aria-describedby attributes",serious,Form elements should have a visible label,https://dequeuniversity.com/rules/axe/4.9/label-title-only?application=playwright,,,,,,,,,,,,data-portal,220,7183,7403
label-title-only,"Ensures that every form element has a visible label and is not solely labeled using hidden labels, or the title or aria-describedby attributes",serious,Form elements should have a visible label,https://dequeuniversity.com/rules/axe/4.9/label-title-only?application=playwright,,,,,,,,,,,,government,47,1151,1198
label-title-only,"Ensures that every form element has a visible label and is not solely labeled using hidden labels, or the title or aria-describedby attributes",serious,Form elements should have a visible label,https://dequeuniversity.com/rules/axe/4.9/label-title-only?application=playwright,,,,,,,,,,,,journal,328,7682,8010
landmark-banner-is-top-level,Ensures the banner landmark is at top level,,Banner landmark should not be contained in another landmark,https://dequeuniversity.com/rules/axe/4.9/landmark-banner-is-top-level?application=playwright,Landmark Has Bad Structure (banner not at root),,moderate,,not severe,X,likely not directly related to data itself,,,Difficult,X,data-portal,17,1020,1037
landmark-banner-is-top-level,Ensures the banner landmark is at top level,,Banner landmark should not be contained in another landmark,https://dequeuniversity.com/rules/axe/4.9/landmark-banner-is-top-level?application=playwright,Landmark Has Bad Structure (banner not at root),,moderate,,not severe,X,likely not directly related to data itself,,,Difficult,X,government,57,759,816
landmark-banner-is-top-level,Ensures the banner landmark is at top level,,Banner landmark should not be contained in another landmark,https://dequeuniversity.com/rules/axe/4.9/landmark-banner-is-top-level?application=playwright,Landmark Has Bad Structure (banner not at root),,moderate,,not severe,X,likely not directly related to data itself,,,Difficult,X,journal,34,3654,3688
landmark-complementary-is-top-level,Ensures the complementary landmark or aside is at top level,moderate,Aside should not be contained in another landmark,https://dequeuniversity.com/rules/axe/4.9/landmark-complementary-is-top-level?application=playwright,Landmark Has Bas Structure (nested),,moderate,,severe,O,related to any data aspects,,,Difficult,X,data-portal,97,204,301
landmark-complementary-is-top-level,Ensures the complementary landmark or aside is at top level,moderate,Aside should not be contained in another landmark,https://dequeuniversity.com/rules/axe/4.9/landmark-complementary-is-top-level?application=playwright,Landmark Has Bas Structure (nested),,moderate,,severe,O,related to any data aspects,,,Difficult,X,government,40,178,218
landmark-complementary-is-top-level,Ensures the complementary landmark or aside is at top level,moderate,Aside should not be contained in another landmark,https://dequeuniversity.com/rules/axe/4.9/landmark-complementary-is-top-level?application=playwright,Landmark Has Bas Structure (nested),,moderate,,severe,O,related to any data aspects,,,Difficult,X,journal,556,3547,4103
landmark-contentinfo-is-top-level,Ensures the contentinfo landmark is at top level,,Contentinfo landmark should not be contained in another landmark,https://dequeuniversity.com/rules/axe/4.9/landmark-contentinfo-is-top-level?application=playwright,Landmark Has Bad Structure (contentinfo not at root),,minor,,not severe,X,"it is a footer, so likely not directly related to data itself",,,Moderate,X,data-portal,16,1104,1120
landmark-contentinfo-is-top-level,Ensures the contentinfo landmark is at top level,,Contentinfo landmark should not be contained in another landmark,https://dequeuniversity.com/rules/axe/4.9/landmark-contentinfo-is-top-level?application=playwright,Landmark Has Bad Structure (contentinfo not at root),,minor,,not severe,X,"it is a footer, so likely not directly related to data itself",,,Moderate,X,government,37,702,739
landmark-contentinfo-is-top-level,Ensures the contentinfo landmark is at top level,,Contentinfo landmark should not be contained in another landmark,https://dequeuniversity.com/rules/axe/4.9/landmark-contentinfo-is-top-level?application=playwright,Landmark Has Bad Structure (contentinfo not at root),,minor,,not severe,X,"it is a footer, so likely not directly related to data itself",,,Moderate,X,journal,444,3603,4047
landmark-main-is-top-level,Ensures the main landmark is at top level,,Main landmark should not be contained in another landmark,https://dequeuniversity.com/rules/axe/4.9/landmark-main-is-top-level?application=playwright,Landmark Has Bad Structure (main not at root),,moderate,,not severe,O,related to any data aspects,,,Difficult,X,data-portal,25,615,640
landmark-main-is-top-level,Ensures the main landmark is at top level,,Main landmark should not be contained in another landmark,https://dequeuniversity.com/rules/axe/4.9/landmark-main-is-top-level?application=playwright,Landmark Has Bad Structure (main not at root),,moderate,,not severe,O,related to any data aspects,,,Difficult,X,government,26,605,631
landmark-main-is-top-level,Ensures the main landmark is at top level,,Main landmark should not be contained in another landmark,https://dequeuniversity.com/rules/axe/4.9/landmark-main-is-top-level?application=playwright,Landmark Has Bad Structure (main not at root),,moderate,,not severe,O,related to any data aspects,,,Difficult,X,journal,29,2887,2916
landmark-no-duplicate-banner,Ensures the document has at most one banner landmark,,Document should not have more than one banner landmark,https://dequeuniversity.com/rules/axe/4.9/landmark-no-duplicate-banner?application=playwright,Landmark Has Bad Structure (duplicated banner),,minor,,not severe,X,-,,,Moderate,X,data-portal,77,927,1004
landmark-no-duplicate-banner,Ensures the document has at most one banner landmark,,Document should not have more than one banner landmark,https://dequeuniversity.com/rules/axe/4.9/landmark-no-duplicate-banner?application=playwright,Landmark Has Bad Structure (duplicated banner),,minor,,not severe,X,-,,,Moderate,X,government,136,556,692
landmark-no-duplicate-banner,Ensures the document has at most one banner landmark,,Document should not have more than one banner landmark,https://dequeuniversity.com/rules/axe/4.9/landmark-no-duplicate-banner?application=playwright,Landmark Has Bad Structure (duplicated banner),,minor,,not severe,X,-,,,Moderate,X,journal,296,3175,3471
landmark-no-duplicate-contentinfo,Ensures the document has at most one contentinfo landmark,,Document should not have more than one contentinfo landmark,https://dequeuniversity.com/rules/axe/4.9/landmark-no-duplicate-contentinfo?application=playwright,Landmark Has Bad Structure (duplicated contentinfo),,minor,,not severe,X,-,,,Moderate,X,data-portal,22,1127,1149
landmark-no-duplicate-contentinfo,Ensures the document has at most one contentinfo landmark,,Document should not have more than one contentinfo landmark,https://dequeuniversity.com/rules/axe/4.9/landmark-no-duplicate-contentinfo?application=playwright,Landmark Has Bad Structure (duplicated contentinfo),,minor,,not severe,X,-,,,Moderate,X,government,29,674,703
landmark-no-duplicate-contentinfo,Ensures the document has at most one contentinfo landmark,,Document should not have more than one contentinfo landmark,https://dequeuniversity.com/rules/axe/4.9/landmark-no-duplicate-contentinfo?application=playwright,Landmark Has Bad Structure (duplicated contentinfo),,minor,,not severe,X,-,,,Moderate,X,journal,475,3125,3600
landmark-no-duplicate-main,Ensures the document has at most one main landmark,,Document should not have more than one main landmark,https://dequeuniversity.com/rules/axe/4.9/landmark-no-duplicate-main?application=playwright,Landmark Has Bad Structure (duplicates),,moderate,,not severe,O,related to any data aspects,,,Difficult,X,data-portal,16,593,609
landmark-no-duplicate-main,Ensures the document has at most one main landmark,,Document should not have more than one main landmark,https://dequeuniversity.com/rules/axe/4.9/landmark-no-duplicate-main?application=playwright,Landmark Has Bad Structure (duplicates),,moderate,,not severe,O,related to any data aspects,,,Difficult,X,government,22,586,608
landmark-no-duplicate-main,Ensures the document has at most one main landmark,,Document should not have more than one main landmark,https://dequeuniversity.com/rules/axe/4.9/landmark-no-duplicate-main?application=playwright,Landmark Has Bad Structure (duplicates),,moderate,,not severe,O,related to any data aspects,,,Difficult,X,journal,40,2835,2875
landmark-one-main,Ensures the document has a main landmark,moderate,Document should have one main landmark,https://dequeuniversity.com/rules/axe/4.9/landmark-one-main?application=playwright,Landmark Has Bad Structure (multiple main),,moderate,,severe,O,related to any data aspects,,,Difficult,X,data-portal,2781,1073,3854
landmark-one-main,Ensures the document has a main landmark,moderate,Document should have one main landmark,https://dequeuniversity.com/rules/axe/4.9/landmark-one-main?application=playwright,Landmark Has Bad Structure (multiple main),,moderate,,severe,O,related to any data aspects,,,Difficult,X,government,255,832,1087
landmark-one-main,Ensures the document has a main landmark,moderate,Document should have one main landmark,https://dequeuniversity.com/rules/axe/4.9/landmark-one-main?application=playwright,Landmark Has Bad Structure (multiple main),,moderate,,severe,O,related to any data aspects,,,Difficult,X,journal,2240,4300,6540
landmark-unique,Landmarks should have a unique role or role/label/title (i.e. accessible name) combination,moderate,Ensures landmarks are unique,https://dequeuniversity.com/rules/axe/4.9/landmark-unique?application=playwright,Landmark Has Bad Structure (duplicated),,moderate,,severe,O,related to any data aspects,,,Difficult,X,data-portal,461,4295,4756
landmark-unique,Landmarks should have a unique role or role/label/title (i.e. accessible name) combination,moderate,Ensures landmarks are unique,https://dequeuniversity.com/rules/axe/4.9/landmark-unique?application=playwright,Landmark Has Bad Structure (duplicated),,moderate,,severe,O,related to any data aspects,,,Difficult,X,government,374,4180,4554
landmark-unique,Landmarks should have a unique role or role/label/title (i.e. accessible name) combination,moderate,Ensures landmarks are unique,https://dequeuniversity.com/rules/axe/4.9/landmark-unique?application=playwright,Landmark Has Bad Structure (duplicated),,moderate,,severe,O,related to any data aspects,,,Difficult,X,journal,1910,21919,23829
link-in-text-block,Ensure links are distinguished from surrounding text in a way that does not rely on color,,Links must be distinguishable without relying on color,https://dequeuniversity.com/rules/axe/4.9/link-in-text-block?application=playwright,Link Not Clearly Visible,,moderate,,severe,O,related to data representations,,A,Moderate,X,data-portal,2669,9795,12464
link-in-text-block,Ensure links are distinguished from surrounding text in a way that does not rely on color,,Links must be distinguishable without relying on color,https://dequeuniversity.com/rules/axe/4.9/link-in-text-block?application=playwright,Link Not Clearly Visible,,moderate,,severe,O,related to data representations,,A,Moderate,X,government,147,1941,2088
link-in-text-block,Ensure links are distinguished from surrounding text in a way that does not rely on color,,Links must be distinguishable without relying on color,https://dequeuniversity.com/rules/axe/4.9/link-in-text-block?application=playwright,Link Not Clearly Visible,,moderate,,severe,O,related to data representations,,A,Moderate,X,journal,2856,18616,21472
link-name,Ensures links have discernible text,serious,Links must have discernible text,https://dequeuniversity.com/rules/axe/4.9/link-name?application=playwright,Link Has No Label,,critical,,severe,O,related to data download,,A,Difficult,O,data-portal,7991,117756,125747
link-name,Ensures links have discernible text,serious,Links must have discernible text,https://dequeuniversity.com/rules/axe/4.9/link-name?application=playwright,Link Has No Label,,critical,,severe,O,related to data download,,A,Difficult,O,government,722,45055,45777
link-name,Ensures links have discernible text,serious,Links must have discernible text,https://dequeuniversity.com/rules/axe/4.9/link-name?application=playwright,Link Has No Label,,critical,,severe,O,related to data download,,A,Difficult,O,journal,23702,377399,401101
list,Ensures that lists are structured correctly,,"<ul> and <ol> must only directly contain <li>, <script> or <template> elements",https://dequeuniversity.com/rules/axe/4.9/list?application=playwright,List Has Bad Structure (li structure),,critical,,severe,O,related to data representations,,A,Difficult,X,data-portal,545,10219,10764
list,Ensures that lists are structured correctly,,"<ul> and <ol> must only directly contain <li>, <script> or <template> elements",https://dequeuniversity.com/rules/axe/4.9/list?application=playwright,List Has Bad Structure (li structure),,critical,,severe,O,related to data representations,,A,Difficult,X,government,112,5190,5302
list,Ensures that lists are structured correctly,,"<ul> and <ol> must only directly contain <li>, <script> or <template> elements",https://dequeuniversity.com/rules/axe/4.9/list?application=playwright,List Has Bad Structure (li structure),,critical,,severe,O,related to data representations,,A,Difficult,X,journal,873,51883,52756
listitem,Ensures <li> elements are used semantically,,<li> elements must be contained in a <ul> or <ol>,https://dequeuniversity.com/rules/axe/4.9/listitem?application=playwright,List Has Bad Structure (li missing),,critical,,severe,O,related to data representations,,A,Difficult,X,data-portal,1164,51064,52228
listitem,Ensures <li> elements are used semantically,,<li> elements must be contained in a <ul> or <ol>,https://dequeuniversity.com/rules/axe/4.9/listitem?application=playwright,List Has Bad Structure (li missing),,critical,,severe,O,related to data representations,,A,Difficult,X,government,310,24633,24943
listitem,Ensures <li> elements are used semantically,,<li> elements must be contained in a <ul> or <ol>,https://dequeuniversity.com/rules/axe/4.9/listitem?application=playwright,List Has Bad Structure (li missing),,critical,,severe,O,related to data representations,,A,Difficult,X,journal,3160,209812,212972
marquee,Ensures <marquee> elements are not used,serious,<marquee> elements are deprecated and must not be used,https://dequeuniversity.com/rules/axe/4.9/marquee?application=playwright,Marquee Is Used,,moderate,,severe,O,related to any data aspects,,A,Moderate,X,data-portal,56,3,59
marquee,Ensures <marquee> elements are not used,serious,<marquee> elements are deprecated and must not be used,https://dequeuniversity.com/rules/axe/4.9/marquee?application=playwright,Marquee Is Used,,moderate,,severe,O,related to any data aspects,,A,Moderate,X,journal,34,0,34
meta-refresh,"Ensures <meta http-equiv=refresh""> is not used for delayed refresh""",,Delayed refresh under 20 hours must not be used,https://dequeuniversity.com/rules/axe/4.9/meta-refresh?application=playwright,Should Not Refresh Through Meta,,moderate,,not severe,O,related to any data aspects,,A,Difficult,X,data-portal,9,3,12
meta-refresh,"Ensures <meta http-equiv=refresh""> is not used for delayed refresh""",,Delayed refresh under 20 hours must not be used,https://dequeuniversity.com/rules/axe/4.9/meta-refresh?application=playwright,Should Not Refresh Through Meta,,moderate,,not severe,O,related to any data aspects,,A,Difficult,X,government,1,0,1
meta-refresh,"Ensures <meta http-equiv=refresh""> is not used for delayed refresh""",,Delayed refresh under 20 hours must not be used,https://dequeuniversity.com/rules/axe/4.9/meta-refresh?application=playwright,Should Not Refresh Through Meta,,moderate,,not severe,O,related to any data aspects,,A,Difficult,X,journal,4,0,4
meta-viewport,"Ensures <meta name=viewport""> does not disable text scaling and zooming""",,Zooming and scaling must not be disabled,https://dequeuniversity.com/rules/axe/4.9/meta-viewport?application=playwright,Zoom Disabled,,minor,,severe,O,related to data representations,,,Easy,X,data-portal,241,1579,1820
meta-viewport,"Ensures <meta name=viewport""> does not disable text scaling and zooming""",,Zooming and scaling must not be disabled,https://dequeuniversity.com/rules/axe/4.9/meta-viewport?application=playwright,Zoom Disabled,,minor,,severe,O,related to data representations,,,Easy,X,government,34,765,799
meta-viewport,"Ensures <meta name=viewport""> does not disable text scaling and zooming""",,Zooming and scaling must not be disabled,https://dequeuniversity.com/rules/axe/4.9/meta-viewport?application=playwright,Zoom Disabled,,minor,,severe,O,related to data representations,,,Easy,X,journal,362,4152,4514
meta-viewport-large,"Ensures <meta name=viewport""> can scale a significant amount""",,Users should be able to zoom and scale the text up to 500%,https://dequeuniversity.com/rules/axe/4.9/meta-viewport-large?application=playwright,Zoom Limited,,minor,,severe,O,related to data representations,,,Easy,X,data-portal,13,1807,1820
meta-viewport-large,"Ensures <meta name=viewport""> can scale a significant amount""",,Users should be able to zoom and scale the text up to 500%,https://dequeuniversity.com/rules/axe/4.9/meta-viewport-large?application=playwright,Zoom Limited,,minor,,severe,O,related to data representations,,,Easy,X,government,4,795,799
meta-viewport-large,"Ensures <meta name=viewport""> can scale a significant amount""",,Users should be able to zoom and scale the text up to 500%,https://dequeuniversity.com/rules/axe/4.9/meta-viewport-large?application=playwright,Zoom Limited,,minor,,severe,O,related to data representations,,,Easy,X,journal,92,4422,4514
nested-interactive,Ensures interactive controls are not nested as they are not always announced by screen readers or can cause focus problems for assistive technologies,,Interactive controls must not be nested,https://dequeuniversity.com/rules/axe/4.9/nested-interactive?application=playwright,Nested Interaction Elements,,moderate,,severe,O,related to data filter/search,,A,Difficult,X,data-portal,325,124340,124665
nested-interactive,Ensures interactive controls are not nested as they are not always announced by screen readers or can cause focus problems for assistive technologies,,Interactive controls must not be nested,https://dequeuniversity.com/rules/axe/4.9/nested-interactive?application=playwright,Nested Interaction Elements,,moderate,,severe,O,related to data filter/search,,A,Difficult,X,government,120,19719,19839
nested-interactive,Ensures interactive controls are not nested as they are not always announced by screen readers or can cause focus problems for assistive technologies,,Interactive controls must not be nested,https://dequeuniversity.com/rules/axe/4.9/nested-interactive?application=playwright,Nested Interaction Elements,,moderate,,severe,O,related to data filter/search,,A,Difficult,X,journal,1323,123786,125109
no-autoplay-audio,Ensures <video> or <audio> elements do not autoplay audio for more than 3 seconds without a control mechanism to stop or mute the audio,,<video> or <audio> elements must not play automatically,https://dequeuniversity.com/rules/axe/4.9/no-autoplay-audio?application=playwright,Media Autoplay,,minor,,not severe,X,-,,A,Easy,X,data-portal,0,1,1
object-alt,Ensures <object> elements have alternate text,serious,<object> elements must have alternate text,https://dequeuniversity.com/rules/axe/4.9/object-alt?application=playwright,Object Has No Label,,critical,,severe,O,related to any data aspects,,A,Difficult,O,data-portal,35,7,42
object-alt,Ensures <object> elements have alternate text,serious,<object> elements must have alternate text,https://dequeuniversity.com/rules/axe/4.9/object-alt?application=playwright,Object Has No Label,,critical,,severe,O,related to any data aspects,,A,Difficult,O,government,4,1,5
object-alt,Ensures <object> elements have alternate text,serious,<object> elements must have alternate text,https://dequeuniversity.com/rules/axe/4.9/object-alt?application=playwright,Object Has No Label,,critical,,severe,O,related to any data aspects,,A,Difficult,O,journal,13,0,13
page-has-heading-one,"Ensure that the page, or at least one of its frames contains a level-one heading",,Page should contain a level-one heading,https://dequeuniversity.com/rules/axe/4.9/page-has-heading-one?application=playwright,Heading 1 Missing,,minor,,not severe,X,-,,A,Difficult,X,data-portal,1757,2097,3854
page-has-heading-one,"Ensure that the page, or at least one of its frames contains a level-one heading",,Page should contain a level-one heading,https://dequeuniversity.com/rules/axe/4.9/page-has-heading-one?application=playwright,Heading 1 Missing,,minor,,not severe,X,-,,A,Difficult,X,government,213,874,1087
page-has-heading-one,"Ensure that the page, or at least one of its frames contains a level-one heading",,Page should contain a level-one heading,https://dequeuniversity.com/rules/axe/4.9/page-has-heading-one?application=playwright,Heading 1 Missing,,minor,,not severe,X,-,,A,Difficult,X,journal,1092,5448,6540
presentation-role-conflict,Elements marked as presentational should not have global ARIA or tabindex to ensure all screen readers ignore them,,Ensure elements marked as presentational are consistently ignored,https://dequeuniversity.com/rules/axe/4.9/presentation-role-conflict?application=playwright,Presentation Should Be Ignored,,minor,,not severe,X,-,,,Easy,X,data-portal,132,3910,4042
presentation-role-conflict,Elements marked as presentational should not have global ARIA or tabindex to ensure all screen readers ignore them,,Ensure elements marked as presentational are consistently ignored,https://dequeuniversity.com/rules/axe/4.9/presentation-role-conflict?application=playwright,Presentation Should Be Ignored,,minor,,not severe,X,-,,,Easy,X,government,63,2022,2085
presentation-role-conflict,Elements marked as presentational should not have global ARIA or tabindex to ensure all screen readers ignore them,,Ensure elements marked as presentational are consistently ignored,https://dequeuniversity.com/rules/axe/4.9/presentation-role-conflict?application=playwright,Presentation Should Be Ignored,,minor,,not severe,X,-,,,Easy,X,journal,451,19076,19527
region,Ensures all page content is contained by landmarks,moderate,All page content should be contained by landmarks,https://dequeuniversity.com/rules/axe/4.9/region?application=playwright,Landmark Has Bas Structure (not contained with landmark),,moderate,,severe,O,related to any data aspects,,,Difficult,X,data-portal,36746,1132836,1169582
region,Ensures all page content is contained by landmarks,moderate,All page content should be contained by landmarks,https://dequeuniversity.com/rules/axe/4.9/region?application=playwright,Landmark Has Bas Structure (not contained with landmark),,moderate,,severe,O,related to any data aspects,,,Difficult,X,government,4393,319597,323990
region,Ensures all page content is contained by landmarks,moderate,All page content should be contained by landmarks,https://dequeuniversity.com/rules/axe/4.9/region?application=playwright,Landmark Has Bas Structure (not contained with landmark),,moderate,,severe,O,related to any data aspects,,,Difficult,X,journal,77435,2242026,2319461
role-img-alt,"Ensures [role=img""] elements have alternate text""",,"[role=img""] elements must have an alternative text""",https://dequeuniversity.com/rules/axe/4.9/role-img-alt?application=playwright,Aria Image Has No Label,,critical,,severe,O,related to data representations,,A,Difficult,O,data-portal,55,141,196
role-img-alt,"Ensures [role=img""] elements have alternate text""",,"[role=img""] elements must have an alternative text""",https://dequeuniversity.com/rules/axe/4.9/role-img-alt?application=playwright,Aria Image Has No Label,,critical,,severe,O,related to data representations,,A,Difficult,O,government,55,214,269
role-img-alt,"Ensures [role=img""] elements have alternate text""",,"[role=img""] elements must have an alternative text""",https://dequeuniversity.com/rules/axe/4.9/role-img-alt?application=playwright,Aria Image Has No Label,,critical,,severe,O,related to data representations,,A,Difficult,O,journal,8,98,106
scope-attr-valid,Ensures the scope attribute is used correctly on tables,,scope attribute should be used correctly,https://dequeuniversity.com/rules/axe/4.9/scope-attr-valid?application=playwright,Table Has Bad Structure (scope),,critical,,severe,O,related to any data aspects,,A,Difficult,O,data-portal,35,416,451
scope-attr-valid,Ensures the scope attribute is used correctly on tables,,scope attribute should be used correctly,https://dequeuniversity.com/rules/axe/4.9/scope-attr-valid?application=playwright,Table Has Bad Structure (scope),,critical,,severe,O,related to any data aspects,,A,Difficult,O,government,7,53,60
scope-attr-valid,Ensures the scope attribute is used correctly on tables,,scope attribute should be used correctly,https://dequeuniversity.com/rules/axe/4.9/scope-attr-valid?application=playwright,Table Has Bad Structure (scope),,critical,,severe,O,related to any data aspects,,A,Difficult,O,journal,52,382,434
scrollable-region-focusable,Ensure elements that have scrollable content are accessible by keyboard,,Scrollable region must have keyboard access,https://dequeuniversity.com/rules/axe/4.9/scrollable-region-focusable?application=playwright,Scrollable Region Not Focusable,,moderate,,severe,O,related to data representations,,A,Moderate,X,data-portal,97,550,647
scrollable-region-focusable,Ensure elements that have scrollable content are accessible by keyboard,,Scrollable region must have keyboard access,https://dequeuniversity.com/rules/axe/4.9/scrollable-region-focusable?application=playwright,Scrollable Region Not Focusable,,moderate,,severe,O,related to data representations,,A,Moderate,X,government,3,228,231
scrollable-region-focusable,Ensure elements that have scrollable content are accessible by keyboard,,Scrollable region must have keyboard access,https://dequeuniversity.com/rules/axe/4.9/scrollable-region-focusable?application=playwright,Scrollable Region Not Focusable,,moderate,,severe,O,related to data representations,,A,Moderate,X,journal,40,1802,1842
select-name,Ensures select element has an accessible name,critical,Select element must have an accessible name,https://dequeuniversity.com/rules/axe/4.9/select-name?application=playwright,Select Has No Label,,critical,,severe,O,related to data filter/search,,A,Difficult,O,data-portal,955,169,1124
select-name,Ensures select element has an accessible name,critical,Select element must have an accessible name,https://dequeuniversity.com/rules/axe/4.9/select-name?application=playwright,Select Has No Label,,critical,,severe,O,related to data filter/search,,A,Difficult,O,government,51,86,137
select-name,Ensures select element has an accessible name,critical,Select element must have an accessible name,https://dequeuniversity.com/rules/axe/4.9/select-name?application=playwright,Select Has No Label,,critical,,severe,O,related to data filter/search,,A,Difficult,O,journal,330,452,782
skip-link,Ensure all skip links have a focusable target,moderate,The skip-link target should exist and be focusable,https://dequeuniversity.com/rules/axe/4.9/skip-link?application=playwright,Skip Link Not Focusable,,minor,,severe,X,-,,,Difficult,X,data-portal,11,143,154
skip-link,Ensure all skip links have a focusable target,moderate,The skip-link target should exist and be focusable,https://dequeuniversity.com/rules/axe/4.9/skip-link?application=playwright,Skip Link Not Focusable,,minor,,severe,X,-,,,Difficult,X,government,22,382,404
skip-link,Ensure all skip links have a focusable target,moderate,The skip-link target should exist and be focusable,https://dequeuniversity.com/rules/axe/4.9/skip-link?application=playwright,Skip Link Not Focusable,,minor,,severe,X,-,,,Difficult,X,journal,137,1774,1911
svg-img-alt,"Ensures <svg> elements with an img, graphics-document or graphics-symbol role have an accessible text",,<svg> elements with an img role must have an alternative text,https://dequeuniversity.com/rules/axe/4.9/svg-img-alt?application=playwright,SVG Image Has No Label,,critical,,severe,O,related to data filter/search,,A,Difficult,O,data-portal,152,313,465
svg-img-alt,"Ensures <svg> elements with an img, graphics-document or graphics-symbol role have an accessible text",,<svg> elements with an img role must have an alternative text,https://dequeuniversity.com/rules/axe/4.9/svg-img-alt?application=playwright,SVG Image Has No Label,,critical,,severe,O,related to data filter/search,,A,Difficult,O,government,7,931,938
svg-img-alt,"Ensures <svg> elements with an img, graphics-document or graphics-symbol role have an accessible text",,<svg> elements with an img role must have an alternative text,https://dequeuniversity.com/rules/axe/4.9/svg-img-alt?application=playwright,SVG Image Has No Label,,critical,,severe,O,related to data filter/search,,A,Difficult,O,journal,1,295,296
tabindex,Ensures tabindex attribute values are not greater than 0,,Elements should not have tabindex greater than zero,https://dequeuniversity.com/rules/axe/4.9/tabindex?application=playwright,Tabindex Not Valid,,moderate,,severe,O,related to any data aspects,,,Moderate,X,data-portal,181,6103,6284
tabindex,Ensures tabindex attribute values are not greater than 0,,Elements should not have tabindex greater than zero,https://dequeuniversity.com/rules/axe/4.9/tabindex?application=playwright,Tabindex Not Valid,,moderate,,severe,O,related to any data aspects,,,Moderate,X,government,92,5033,5125
tabindex,Ensures tabindex attribute values are not greater than 0,,Elements should not have tabindex greater than zero,https://dequeuniversity.com/rules/axe/4.9/tabindex?application=playwright,Tabindex Not Valid,,moderate,,severe,O,related to any data aspects,,,Moderate,X,journal,630,16020,16650
table-duplicate-name,Ensure the <caption> element does not contain the same text as the summary attribute,,tables should not have the same summary and caption,https://dequeuniversity.com/rules/axe/4.9/table-duplicate-name?application=playwright,Table Label Duplicated,,minor,,not severe,X,-,,,Easy,X,data-portal,0,4574,4574
table-duplicate-name,Ensure the <caption> element does not contain the same text as the summary attribute,,tables should not have the same summary and caption,https://dequeuniversity.com/rules/axe/4.9/table-duplicate-name?application=playwright,Table Label Duplicated,,minor,,not severe,X,-,,,Easy,X,government,1,399,400
table-duplicate-name,Ensure the <caption> element does not contain the same text as the summary attribute,,tables should not have the same summary and caption,https://dequeuniversity.com/rules/axe/4.9/table-duplicate-name?application=playwright,Table Label Duplicated,,minor,,not severe,X,-,,,Easy,X,journal,0,5506,5506
td-headers-attr,Ensure that each cell in a table that uses the headers attribute refers only to other cells in that table,,Table cells that use the headers attribute must only refer to cells in the same table,https://dequeuniversity.com/rules/axe/4.9/td-headers-attr?application=playwright,Table Has Bad Structure (td),,critical,,severe,O,related to any data aspects,,A,Difficult,X,data-portal,1,4519,4520
td-headers-attr,Ensure that each cell in a table that uses the headers attribute refers only to other cells in that table,,Table cells that use the headers attribute must only refer to cells in the same table,https://dequeuniversity.com/rules/axe/4.9/td-headers-attr?application=playwright,Table Has Bad Structure (td),,critical,,severe,O,related to any data aspects,,A,Difficult,X,government,0,268,268
td-headers-attr,Ensure that each cell in a table that uses the headers attribute refers only to other cells in that table,,Table cells that use the headers attribute must only refer to cells in the same table,https://dequeuniversity.com/rules/axe/4.9/td-headers-attr?application=playwright,Table Has Bad Structure (td),,critical,,severe,O,related to any data aspects,,A,Difficult,X,journal,1,5378,5379
th-has-data-cells,Ensure that <th> elements and elements with role=columnheader/rowheader have data cells they describe,,Table headers in a data table must refer to data cells,https://dequeuniversity.com/rules/axe/4.9/th-has-data-cells?application=playwright,Table Has No Data Cell,,critical,,severe,O,related to any data aspects,,A,Difficult,X,data-portal,0,1233,1233
th-has-data-cells,Ensure that <th> elements and elements with role=columnheader/rowheader have data cells they describe,,Table headers in a data table must refer to data cells,https://dequeuniversity.com/rules/axe/4.9/th-has-data-cells?application=playwright,Table Has No Data Cell,,critical,,severe,O,related to any data aspects,,A,Difficult,X,government,0,62,62
th-has-data-cells,Ensure that <th> elements and elements with role=columnheader/rowheader have data cells they describe,,Table headers in a data table must refer to data cells,https://dequeuniversity.com/rules/axe/4.9/th-has-data-cells?application=playwright,Table Has No Data Cell,,critical,,severe,O,related to any data aspects,,A,Difficult,X,journal,0,692,692
valid-lang,Ensures lang attributes have valid values,,lang attribute must have a valid value,https://dequeuniversity.com/rules/axe/4.9/valid-lang?application=playwright,Lang Wtih Error (invalid language),,moderate,,severe,O,related to any data aspects,,A,Moderate,X,data-portal,5,599,604
valid-lang,Ensures lang attributes have valid values,,lang attribute must have a valid value,https://dequeuniversity.com/rules/axe/4.9/valid-lang?application=playwright,Lang Wtih Error (invalid language),,moderate,,severe,O,related to any data aspects,,A,Moderate,X,government,0,414,414
valid-lang,Ensures lang attributes have valid values,,lang attribute must have a valid value,https://dequeuniversity.com/rules/axe/4.9/valid-lang?application=playwright,Lang Wtih Error (invalid language),,moderate,,severe,O,related to any data aspects,,A,Moderate,X,journal,52,4201,4253
video-caption,Ensures <video> elements have captions,,<video> elements must have captions,https://dequeuniversity.com/rules/axe/4.9/video-caption?application=playwright,,,,,,,,,,,,government,0,3,3
