1009_home,image-alt,1,6
1008_home,image-alt,17,19
1019_home,image-alt,24,1
1025_home,image-alt,5,0
1028_home,image-alt,1,6
1024_home,image-alt,2,0
102_home,image-alt,2,7
1032_home,image-alt,3,0
1034_home,image-alt,1,1
1035_home,image-alt,2,6
1039_home,image-alt,1,0
1042_home,image-alt,7,31
1050_home,image-alt,2,0
1052_home,image-alt,3,2
1054_home,image-alt,1,7
104_home,image-alt,2,3
1055_home,image-alt,2,0
1067_home,image-alt,13,0
1070_home,image-alt,20,1
106_home,image-alt,20,2
1075_home,image-alt,1,0
1086_home,image-alt,4,2
1092_home,image-alt,7,30
1094_home,image-alt,7,31
109_home,image-alt,6,2
1100_home,image-alt,10,1
10_home,image-alt,6,2
1108_home,image-alt,2,6
1107_home,image-alt,1,5
1111_home,image-alt,4,0
1115_home,image-alt,4,2
1110_home,image-alt,1,5
1105_home,image-alt,2,3
1121_home,image-alt,1,0
1125_home,image-alt,1,0
1123_home,image-alt,45,0
1119_home,image-alt,3,0
1128_home,image-alt,8,0
1135_home,image-alt,2,11
1137_home,image-alt,10,0
1140_home,image-alt,1,11
1133_home,image-alt,6,7
1152_home,image-alt,1,2
1153_home,image-alt,2,0
1156_home,image-alt,1,0
1159_home,image-alt,5,0
1166_home,image-alt,2,1
1171_home,image-alt,15,0
1174_home,image-alt,6,0
1177_home,image-alt,4,0
1172_home,image-alt,1,0
1176_home,image-alt,1,2
1179_home,image-alt,3,9
1185_home,image-alt,6,0
1197_home,image-alt,15,0
1196_home,image-alt,9,23
1207_home,image-alt,1,2
1206_home,image-alt,4,0
1218_home,image-alt,4,0
1219_home,image-alt,2,1
1220_home,image-alt,2,20
1226_home,image-alt,3,0
1230_home,image-alt,6,1
1234_home,image-alt,2,3
1237_home,image-alt,1,0
1242_home,image-alt,14,1
1239_home,image-alt,3,4
1247_home,image-alt,10,0
1251_home,image-alt,14,10
1257_home,image-alt,59,1
1262_home,image-alt,2,0
1264_home,image-alt,7,0
1256_home,image-alt,1,2
1268_home,image-alt,1,0
1266_home,image-alt,1,0
1269_home,image-alt,8,0
1275_home,image-alt,1,0
1273_home,image-alt,3,1
1277_home,image-alt,4,1
1280_home,image-alt,2,0
1250_home,image-alt,1,46
1292_home,image-alt,10,0
1290_home,image-alt,6,0
1299_home,image-alt,8,10
1309_home,image-alt,8,0
1318_home,image-alt,37,12
1317_home,image-alt,2,9
1328_home,image-alt,1,20
1329_home,image-alt,2,10
1338_home,image-alt,11,1
1346_home,image-alt,1,0
1348_home,image-alt,1,0
1354_home,image-alt,1,4
1350_home,image-alt,1,1
1364_home,image-alt,7,4
1371_home,image-alt,1,0
136_home,image-alt,9,0
1370_home,image-alt,11,0
1372_home,image-alt,1,0
1383_home,image-alt,7,0
138_home,image-alt,1,0
1392_home,image-alt,1,0
1395_home,image-alt,1,0
1401_home,image-alt,7,2
1398_home,image-alt,3,0
1390_home,image-alt,3,2
1403_home,image-alt,5,0
1409_home,image-alt,6,1
1411_home,image-alt,3,1
1417_home,image-alt,3,18
1416_home,image-alt,1,6
1419_home,image-alt,6,1
1423_home,image-alt,1,0
1431_home,image-alt,2,2
1432_home,image-alt,3,1
1441_home,image-alt,7,30
1443_home,image-alt,1,5
1456_home,image-alt,3,18
1460_home,image-alt,1,11
1467_home,image-alt,2,0
1473_home,image-alt,1,6
1475_home,image-alt,3,3
1480_home,image-alt,2,1
1479_home,image-alt,15,1
148_home,image-alt,21,4
1481_home,image-alt,6,0
1490_home,image-alt,4,1
1493_home,image-alt,4,16
14_home,image-alt,4,12
1505_home,image-alt,7,0
1506_home,image-alt,3,17
1509_home,image-alt,6,0
1516_home,image-alt,13,15
151_home,image-alt,2,0
1526_home,image-alt,3,2
1532_home,image-alt,4,0
1528_home,image-alt,1,0
1550_home,image-alt,15,0
1551_home,image-alt,2,0
155_home,image-alt,30,0
1561_home,image-alt,1,14
1565_home,image-alt,1,0
1571_home,image-alt,5,0
1573_home,image-alt,6,1
1575_home,image-alt,1,2
157_home,image-alt,22,0
1579_home,image-alt,15,0
1587_home,image-alt,4,0
1588_home,image-alt,3,1
1586_home,image-alt,1,0
1595_home,image-alt,1,11
1596_home,image-alt,9,1
159_home,image-alt,2,0
1603_home,image-alt,7,30
1599_home,image-alt,3,6
1611_home,image-alt,1,0
1619_home,image-alt,1,8
1617_home,image-alt,1,3
1622_home,image-alt,2,9
1628_home,image-alt,7,6
1625_home,image-alt,1,2
1621_home,image-alt,3,3
1636_home,image-alt,4,0
1644_home,image-alt,1,1
1639_home,image-alt,3,5
1646_home,image-alt,1,0
1642_home,image-alt,2,2
1645_home,image-alt,2,1
1651_home,image-alt,6,0
1656_home,image-alt,6,2
1655_home,image-alt,3,7
1660_home,image-alt,3,1
1659_home,image-alt,2,6
1654_home,image-alt,1,0
1662_home,image-alt,2,8
1672_home,image-alt,1,2
1671_home,image-alt,6,6
1676_home,image-alt,1,1
1675_home,image-alt,20,3
1682_home,image-alt,5,1
1686_home,image-alt,2,2
1689_home,image-alt,1,4
1687_home,image-alt,12,0
1683_home,image-alt,22,0
168_home,image-alt,3,0
1693_home,image-alt,1,0
169_home,image-alt,2,0
1697_home,image-alt,7,0
1691_home,image-alt,8,0
1702_home,image-alt,1,10
1703_home,image-alt,1,9
1713_home,image-alt,5,5
1714_home,image-alt,1,2
171_home,image-alt,5,0
1717_home,image-alt,2,17
1723_home,image-alt,15,0
1719_home,image-alt,37,6
1725_home,image-alt,5,0
173_home,image-alt,7,5
1743_home,image-alt,6,2
1746_home,image-alt,1,0
1747_home,image-alt,1,0
174_home,image-alt,3,14
1741_home,image-alt,4,0
1749_home,image-alt,1,1
1753_home,image-alt,4,2
1754_home,image-alt,1,8
1752_home,image-alt,7,1
175_home,image-alt,4,2
1767_home,image-alt,2,0
1768_home,image-alt,4,0
1774_home,image-alt,1,1
1778_home,image-alt,1,0
1783_home,image-alt,9,0
1790_home,image-alt,1,1
178_home,image-alt,1,0
1797_home,image-alt,2,4
1791_home,image-alt,2,0
1802_home,image-alt,3,0
1809_home,image-alt,26,1
1811_home,image-alt,1,11
1819_home,image-alt,1,0
1816_home,image-alt,5,0
1827_home,image-alt,6,0
1828_home,image-alt,1,3
1831_home,image-alt,6,5
1838_home,image-alt,2,0
1841_home,image-alt,1,0
1848_home,image-alt,1,2
1852_home,image-alt,7,0
1855_home,image-alt,2,0
1858_home,image-alt,2,15
1860_home,image-alt,1,0
1864_home,image-alt,4,16
1863_home,image-alt,3,1
1868_home,image-alt,1,1
1872_home,image-alt,13,1
1874_home,image-alt,1,3
1882_home,image-alt,4,0
1896_home,image-alt,18,0
18_home,image-alt,3,2
1906_home,image-alt,3,0
190_home,image-alt,12,0
1910_home,image-alt,2,2
1912_home,image-alt,4,0
1915_home,image-alt,1,0
1925_home,image-alt,1,10
1926_home,image-alt,6,0
1928_home,image-alt,7,30
1949_home,image-alt,1,0
1954_home,image-alt,17,0
1960_home,image-alt,5,0
1957_home,image-alt,1,0
1966_home,image-alt,6,0
1973_home,image-alt,2,2
1978_home,image-alt,1,4
197_home,image-alt,2,0
1983_home,image-alt,19,1
1998_home,image-alt,3,3
1996_home,image-alt,1,5
1_home,image-alt,1,18
2012_home,image-alt,12,9
200_home,image-alt,1,2
2035_home,image-alt,3,0
203_home,image-alt,16,5
2043_home,image-alt,1,0
2044_home,image-alt,1,0
2050_home,image-alt,1,11
2042_home,image-alt,1,3
2054_home,image-alt,3,0
2070_home,image-alt,1,4
2073_home,image-alt,1,9
2075_home,image-alt,5,0
207_home,image-alt,5,28
2080_home,image-alt,1,3
2078_home,image-alt,2,11
2084_home,image-alt,1,0
2087_home,image-alt,4,0
2089_home,image-alt,3,12
2091_home,image-alt,8,0
2094_home,image-alt,2,0
209_home,image-alt,8,0
2097_home,image-alt,14,24
20_home,image-alt,1,11
2109_home,image-alt,2,0
2107_home,image-alt,5,0
2106_home,image-alt,2,1
2122_home,image-alt,2,0
2123_home,image-alt,1,0
2126_home,image-alt,3,0
2127_home,image-alt,3,0
2131_home,image-alt,7,1
2133_home,image-alt,27,3
2137_home,image-alt,2,0
2142_home,image-alt,2,1
2153_home,image-alt,3,13
2149_home,image-alt,6,1
2158_home,image-alt,10,1
215_home,image-alt,1,0
2160_home,image-alt,1,2
2164_home,image-alt,6,7
2167_home,image-alt,11,10
2166_home,image-alt,1,0
2168_home,image-alt,1,8
2170_home,image-alt,14,0
2173_home,image-alt,2,0
2169_home,image-alt,4,0
2177_home,image-alt,3,3
2179_home,image-alt,2,1
2181_home,image-alt,1,2
2186_home,image-alt,1,19
2187_home,image-alt,1,0
2191_home,image-alt,8,0
2196_home,image-alt,5,8
220_home,image-alt,9,0
2225_home,image-alt,5,6
224_home,image-alt,11,0
22_home,image-alt,1,2
2303_home,image-alt,1,7
2295_home,image-alt,1,5
2317_home,image-alt,4,1
2322_home,image-alt,1,12
2332_home,image-alt,1,10
2342_home,image-alt,2,4
234_home,image-alt,1,4
2354_home,image-alt,20,21
235_home,image-alt,26,2
237_home,image-alt,12,6
2385_home,image-alt,1,10
2388_home,image-alt,1,10
2405_home,image-alt,1,14
2415_home,image-alt,9,30
241_home,image-alt,3,1
2436_home,image-alt,1,1
2447_home,image-alt,5,27
2463_home,image-alt,29,0
2464_home,image-alt,1,4
2487_home,image-alt,1,2
250_home,image-alt,1,12
2511_home,image-alt,9,31
251_home,image-alt,2,8
253_home,image-alt,1,10
2541_home,image-alt,1,11
2564_home,image-alt,13,0
254_home,image-alt,6,2
2576_home,image-alt,1,9
261_home,image-alt,1,7
2624_home,image-alt,5,0
262_home,image-alt,1,3
2636_home,image-alt,1,24
2646_home,image-alt,1,13
265_home,image-alt,3,4
2668_home,image-alt,1,6
2680_home,image-alt,6,1
2692_home,image-alt,1,11
2703_home,image-alt,3,20
270_home,image-alt,1,0
2732_home,image-alt,5,3
2760_home,image-alt,2,9
275_home,image-alt,1,11
2770_home,image-alt,3,2
2765_home,image-alt,1,2
277_home,image-alt,1,11
279_home,image-alt,25,9
2801_home,image-alt,6,29
2822_home,image-alt,2,15
2829_home,image-alt,1,7
284_home,image-alt,6,5
2863_home,image-alt,10,12
288_home,image-alt,5,0
2914_home,image-alt,1,5
292_home,image-alt,1,23
2971_home,image-alt,4,0
3007_home,image-alt,1,0
304_home,image-alt,4,0
3057_home,image-alt,1,8
3064_home,image-alt,1,14
3070_home,image-alt,1,10
307_home,image-alt,1,0
308_home,image-alt,1,1
30_home,image-alt,7,3
310_home,image-alt,1,9
3110_home,image-alt,4,0
3119_home,image-alt,1,8
312_home,image-alt,1,0
313_home,image-alt,1,1
315_home,image-alt,25,0
316_home,image-alt,1,9
3191_home,image-alt,4,3
3206_home,image-alt,1,9
3217_home,image-alt,1,11
322_home,image-alt,1,3
3229_home,image-alt,3,22
3232_home,image-alt,26,2
3242_home,image-alt,1,11
325_home,image-alt,2,1
326_home,image-alt,3,1
328_home,image-alt,4,1
3294_home,image-alt,16,11
329_home,image-alt,4,11
3333_home,image-alt,1,25
3344_home,image-alt,1,3
3352_home,image-alt,1,13
3377_home,image-alt,1,6
3381_home,image-alt,1,7
337_home,image-alt,3,2
3383_home,image-alt,2,16
338_home,image-alt,3,0
341_home,image-alt,3,4
3426_home,image-alt,6,7
342_home,image-alt,2,1
345_home,image-alt,3,27
3461_home,image-alt,1,2
3464_home,image-alt,1,3
347_home,image-alt,1,6
3482_home,image-alt,1,7
348_home,image-alt,5,11
3485_home,image-alt,6,7
3498_home,image-alt,1,5
3495_home,image-alt,1,6
351_home,image-alt,3,0
352_home,image-alt,6,1
3532_home,image-alt,6,2
353_home,image-alt,1,5
3548_home,image-alt,2,16
355_home,image-alt,13,1
3559_home,image-alt,4,0
3573_home,image-alt,1,2
3591_home,image-alt,4,3
3595_home,image-alt,1,15
357_home,image-alt,3,6
358_home,image-alt,1,3
3621_home,image-alt,1,8
3613_home,image-alt,1,9
3634_home,image-alt,7,30
363_home,image-alt,1,6
3640_home,image-alt,2,4
3673_home,image-alt,1,10
367_home,image-alt,13,2
368_home,image-alt,24,17
3694_home,image-alt,4,2
370_home,image-alt,1,5
3716_home,image-alt,6,5
371_home,image-alt,1,0
374_home,image-alt,5,9
3762_home,image-alt,4,9
377_home,image-alt,4,1
378_home,image-alt,6,1
379_home,image-alt,2,0
380_home,image-alt,9,2
382_home,image-alt,15,3
384_home,image-alt,22,1
385_home,image-alt,10,1
3880_home,image-alt,1,4
3891_home,image-alt,6,6
389_home,image-alt,6,8
390_home,image-alt,5,6
3907_home,image-alt,1,3
393_home,image-alt,2,7
3946_home,image-alt,1,18
394_home,image-alt,7,1
395_home,image-alt,1,13
397_home,image-alt,1,0
3983_home,image-alt,3,2
39_home,image-alt,1,16
3997_home,image-alt,1,7
3999_home,image-alt,1,4
402_home,image-alt,16,2
404_home,image-alt,1,0
4055_home,image-alt,1,13
405_home,image-alt,1,2
407_home,image-alt,1,2
4085_home,image-alt,6,4
408_home,image-alt,2,2
4081_home,image-alt,3,5
411_home,image-alt,1,0
412_home,image-alt,1,0
4136_home,image-alt,1,9
4139_home,image-alt,1,11
4150_home,image-alt,1,4
4152_home,image-alt,4,2
4160_home,image-alt,4,0
4168_home,image-alt,2,11
416_home,image-alt,1,0
4183_home,image-alt,1,1
418_home,image-alt,4,7
419_home,image-alt,1,3
422_home,image-alt,1,1
4233_home,image-alt,6,5
4278_home,image-alt,1,14
4276_home,image-alt,3,2
4285_home,image-alt,19,2
429_home,image-alt,2,6
4299_home,image-alt,7,0
431_home,image-alt,9,0
432_home,image-alt,12,1
4368_home,image-alt,1,6
4365_home,image-alt,4,0
4373_home,image-alt,1,8
437_home,image-alt,2,1
4389_home,image-alt,1,0
4391_home,image-alt,1,1
439_home,image-alt,15,6
4400_home,image-alt,5,3
4434_home,image-alt,1,0
443_home,image-alt,19,15
4428_home,image-alt,1,6
4454_home,image-alt,1,9
4459_home,image-alt,2,0
445_home,image-alt,2,0
448_home,image-alt,1,0
4495_home,image-alt,1,5
4499_home,image-alt,1,8
450_home,image-alt,6,1
4524_home,image-alt,1,4
4541_home,image-alt,6,5
453_home,image-alt,1,1
4548_home,image-alt,6,8
456_home,image-alt,3,2
458_home,image-alt,13,1
45_home,image-alt,6,2
4637_home,image-alt,1,8
4656_home,image-alt,1,11
4658_home,image-alt,1,1
469_home,image-alt,1,9
46_home,image-alt,6,2
475_home,image-alt,6,17
473_home,image-alt,6,4
472_home,image-alt,3,0
479_home,image-alt,4,1
478_home,image-alt,7,8
480_home,image-alt,13,1
483_home,image-alt,2,1
487_home,image-alt,1,7
489_home,image-alt,4,0
486_home,image-alt,8,0
491_home,image-alt,3,1
497_home,image-alt,2,0
496_home,image-alt,3,4
506_home,image-alt,7,0
514_home,image-alt,2,0
509_home,image-alt,14,0
517_home,image-alt,3,1
521_home,image-alt,28,3
528_home,image-alt,3,1
523_home,image-alt,2,1
533_home,image-alt,3,3
539_home,image-alt,4,0
53_home,image-alt,9,4
540_home,image-alt,3,1
546_home,image-alt,11,0
548_home,image-alt,4,0
542_home,image-alt,7,0
54_home,image-alt,3,9
552_home,image-alt,10,0
544_home,image-alt,1,3
535_home,image-alt,5,1
551_home,image-alt,2,1
545_home,image-alt,3,2
550_home,image-alt,2,27
557_home,image-alt,5,10
559_home,image-alt,15,0
570_home,image-alt,6,0
567_home,image-alt,19,2
571_home,image-alt,1,0
576_home,image-alt,1,1
575_home,image-alt,1,0
578_home,image-alt,2,0
577_home,image-alt,1,6
581_home,image-alt,1,9
583_home,image-alt,15,0
586_home,image-alt,9,0
584_home,image-alt,11,8
58_home,image-alt,6,0
587_home,image-alt,2,0
595_home,image-alt,5,5
592_home,image-alt,12,0
59_home,image-alt,1,4
589_home,image-alt,2,13
600_home,image-alt,1,1
603_home,image-alt,1,18
602_home,image-alt,1,0
606_home,image-alt,1,1
601_home,image-alt,1,6
623_home,image-alt,2,8
626_home,image-alt,5,7
633_home,image-alt,6,2
631_home,image-alt,4,4
638_home,image-alt,4,0
641_home,image-alt,5,0
643_home,image-alt,13,0
644_home,image-alt,3,0
646_home,image-alt,1,0
647_home,image-alt,2,0
648_home,image-alt,2,0
64_home,image-alt,8,6
655_home,image-alt,2,0
657_home,image-alt,3,4
658_home,image-alt,5,0
65_home,image-alt,5,2
665_home,image-alt,3,3
66_home,image-alt,1,7
668_home,image-alt,1,3
685_home,image-alt,1,8
682_home,image-alt,14,3
686_home,image-alt,6,5
689_home,image-alt,16,0
695_home,image-alt,6,6
702_home,image-alt,8,5
705_home,image-alt,7,0
703_home,image-alt,2,4
709_home,image-alt,3,0
724_home,image-alt,8,0
728_home,image-alt,4,0
740_home,image-alt,11,9
741_home,image-alt,1,10
74_home,image-alt,1,0
747_home,image-alt,60,4
746_home,image-alt,1,2
753_home,image-alt,2,0
756_home,image-alt,1,1
764_home,image-alt,1,0
766_home,image-alt,2,0
767_home,image-alt,1,0
779_home,image-alt,1,11
784_home,image-alt,1,0
794_home,image-alt,4,0
791_home,image-alt,1,2
798_home,image-alt,4,0
78_home,image-alt,10,0
793_home,image-alt,2,11
79_home,image-alt,1,12
800_home,image-alt,2,0
811_home,image-alt,1,4
816_home,image-alt,3,0
820_home,image-alt,17,0
822_home,image-alt,2,1
821_home,image-alt,1,3
828_home,image-alt,1,9
827_home,image-alt,1,9
824_home,image-alt,3,0
833_home,image-alt,4,2
837_home,image-alt,8,10
842_home,image-alt,5,7
846_home,image-alt,1,0
83_home,image-alt,5,2
849_home,image-alt,8,0
850_home,image-alt,6,0
848_home,image-alt,6,3
856_home,image-alt,3,1
858_home,image-alt,1,11
866_home,image-alt,1,9
870_home,image-alt,1,8
879_home,image-alt,1,11
877_home,image-alt,1,0
884_home,image-alt,3,0
883_home,image-alt,8,0
881_home,image-alt,1,2
888_home,image-alt,32,2
904_home,image-alt,4,1
896_home,image-alt,7,1
905_home,image-alt,1,2
917_home,image-alt,4,27
919_home,image-alt,3,1
925_home,image-alt,4,0
924_home,image-alt,4,0
927_home,image-alt,4,7
936_home,image-alt,1,10
93_home,image-alt,1,15
941_home,image-alt,11,0
94_home,image-alt,1,1
95_home,image-alt,1,13
964_home,image-alt,1,1
962_home,image-alt,12,1
961_home,image-alt,2,0
979_home,image-alt,1,0
97_home,image-alt,4,0
978_home,image-alt,6,0
985_home,image-alt,1,0
990_home,image-alt,3,1
98_home,image-alt,6,2
998_home,image-alt,8,0
1011_home,image-alt,6,25
1029_home,image-alt,1,2
1037_home,image-alt,10,25
1031_home,image-alt,8,10
1046_home,image-alt,2,0
1047_home,image-alt,6,7
1053_home,image-alt,2,6
1069_home,image-alt,9,37
107_home,image-alt,10,41
1088_home,image-alt,4,1
1082_home,image-alt,1,1
1129_home,image-alt,7,7
1139_home,image-alt,23,26
114_home,image-alt,1,11
1161_home,image-alt,3,3
116_home,image-alt,1,1
1170_home,image-alt,2,2
1195_home,image-alt,2,2
1215_home,image-alt,13,33
1274_home,image-alt,1,14
1281_home,image-alt,1,13
1293_home,image-alt,1,0
1297_home,image-alt,2,0
12_home,image-alt,2,7
1345_home,image-alt,1,1
1355_home,image-alt,4,2
1373_home,image-alt,8,0
137_home,image-alt,10,27
1388_home,image-alt,10,0
1430_home,image-alt,1,1
1433_home,image-alt,9,36
143_home,image-alt,3,1
1452_home,image-alt,1,0
1476_home,image-alt,2,8
1482_home,image-alt,1,7
1491_home,image-alt,20,0
150_home,image-alt,5,3
152_home,image-alt,1,3
1539_home,image-alt,15,2
1540_home,image-alt,3,0
1542_home,image-alt,3,18
154_home,image-alt,16,0
15_home,image-alt,6,14
1613_home,image-alt,2,12
1616_home,image-alt,4,2
1641_home,image-alt,9,0
164_home,image-alt,3,3
1665_home,image-alt,5,5
1657_home,image-alt,10,39
1669_home,image-alt,3,28
1668_home,image-alt,4,2
1653_home,image-alt,2,1
1704_home,image-alt,10,26
1711_home,image-alt,2,1
1720_home,image-alt,5,0
1722_home,image-alt,7,20
1751_home,image-alt,1,6
1758_home,image-alt,3,23
1764_home,image-alt,14,2
1771_home,image-alt,1,0
1786_home,image-alt,11,2
1788_home,image-alt,4,0
1794_home,image-alt,1,16
179_home,image-alt,2,3
17_home,image-alt,4,0
1807_home,image-alt,2,1
1803_home,image-alt,7,8
1820_home,image-alt,6,7
1824_home,image-alt,7,31
1829_home,image-alt,3,12
182_home,image-alt,3,0
1842_home,image-alt,1,0
1837_home,image-alt,1,6
1832_home,image-alt,1,10
1873_home,image-alt,6,3
1883_home,image-alt,1,14
1893_home,image-alt,6,4
1905_home,image-alt,1,5
1902_home,image-alt,8,2
1914_home,image-alt,6,0
1939_home,image-alt,12,0
1953_home,image-alt,23,2
196_home,image-alt,7,6
1972_home,image-alt,2,8
1970_home,image-alt,7,4
2001_home,image-alt,3,8
19_home,image-alt,5,22
2027_home,image-alt,2,5
2038_home,image-alt,4,7
2041_home,image-alt,1,0
2048_home,image-alt,1,37
2079_home,image-alt,3,0
2072_home,image-alt,4,0
2105_home,image-alt,2,0
2096_home,image-alt,2,6
2129_home,image-alt,10,25
212_home,image-alt,7,0
2140_home,image-alt,1,14
2148_home,image-alt,4,0
2157_home,image-alt,4,15
2152_home,image-alt,1,0
2171_home,image-alt,3,0
2194_home,image-alt,1,7
2202_home,image-alt,7,8
2203_home,image-alt,1,23
2218_home,image-alt,3,21
2230_home,image-alt,12,11
2262_home,image-alt,1,11
2266_home,image-alt,7,11
229_home,image-alt,6,3
2333_home,image-alt,2,3
232_home,image-alt,5,32
233_home,image-alt,7,8
2347_home,image-alt,1,16
2350_home,image-alt,1,9
2375_home,image-alt,1,11
2394_home,image-alt,3,17
2450_home,image-alt,9,28
2498_home,image-alt,3,14
2530_home,image-alt,9,29
2567_home,image-alt,9,21
2574_home,image-alt,1,14
259_home,image-alt,1,1
2632_home,image-alt,9,30
2640_home,image-alt,16,1
2677_home,image-alt,6,12
268_home,image-alt,1,0
2689_home,image-alt,1,10
2706_home,image-alt,3,12
2719_home,image-alt,3,5
273_home,image-alt,3,1
2748_home,image-alt,8,13
2812_home,image-alt,1,17
283_home,image-alt,5,0
2884_home,image-alt,7,9
28_home,image-alt,1,9
2905_home,image-alt,1,19
2881_home,image-alt,7,9
2938_home,image-alt,4,18
29_home,image-alt,5,2
3004_home,image-alt,7,21
3031_home,image-alt,5,19
3058_home,image-alt,9,10
3075_home,image-alt,6,33
3123_home,image-alt,1,0
3130_home,image-alt,7,5
3141_home,image-alt,7,7
314_home,image-alt,1,2
3160_home,image-alt,1,16
3158_home,image-alt,10,17
3167_home,image-alt,86,48
3179_home,image-alt,1,2
3172_home,image-alt,7,21
320_home,image-alt,6,7
3231_home,image-alt,5,3
3247_home,image-alt,1,14
3252_home,image-alt,9,28
3302_home,image-alt,1,15
3339_home,image-alt,1,7
3382_home,image-alt,1,2
33_home,image-alt,6,0
3403_home,image-alt,1,18
3401_home,image-alt,16,1
3416_home,image-alt,1,10
343_home,image-alt,1,0
3488_home,image-alt,1,14
350_home,image-alt,2,7
3508_home,image-alt,1,54
3540_home,image-alt,3,14
3538_home,image-alt,1,11
3550_home,image-alt,6,19
3572_home,image-alt,8,8
3571_home,image-alt,3,11
359_home,image-alt,54,9
3604_home,image-alt,1,1
360_home,image-alt,15,0
3644_home,image-alt,1,8
3638_home,image-alt,1,13
3652_home,image-alt,6,33
3648_home,image-alt,1,28
3708_home,image-alt,8,27
375_home,image-alt,9,22
3816_home,image-alt,1,25
3818_home,image-alt,5,17
3853_home,image-alt,1,13
3883_home,image-alt,5,22
3901_home,image-alt,6,3
3919_home,image-alt,3,17
3923_home,image-alt,10,20
3939_home,image-alt,6,14
3966_home,image-alt,6,25
4014_home,image-alt,5,15
4032_home,image-alt,1,56
401_home,image-alt,2,36
4031_home,image-alt,16,1
4041_home,image-alt,1,16
4045_home,image-alt,6,6
4058_home,image-alt,5,18
4063_home,image-alt,1,13
4092_home,image-alt,7,30
4122_home,image-alt,4,11
4130_home,image-alt,6,20
4186_home,image-alt,2,27
4196_home,image-alt,5,9
4202_home,image-alt,5,11
4226_home,image-alt,6,30
4243_home,image-alt,84,1
4270_home,image-alt,1,4
426_home,image-alt,22,25
4269_home,image-alt,8,22
4308_home,image-alt,1,34
4328_home,image-alt,4,27
4325_home,image-alt,1,15
4332_home,image-alt,16,1
4333_home,image-alt,8,34
4363_home,image-alt,1,11
4376_home,image-alt,12,10
438_home,image-alt,12,30
4410_home,image-alt,5,19
4435_home,image-alt,1,0
4442_home,image-alt,7,9
4487_home,image-alt,16,1
4509_home,image-alt,4,20
4515_home,image-alt,2,11
4532_home,image-alt,1,2
454_home,image-alt,1,22
4556_home,image-alt,6,36
455_home,image-alt,4,21
4592_home,image-alt,1,15
4603_home,image-alt,6,32
4634_home,image-alt,8,14
462_home,image-alt,7,12
465_home,image-alt,9,0
4666_home,image-alt,14,15
481_home,image-alt,10,39
48_home,image-alt,3,1
488_home,image-alt,4,2
492_home,image-alt,7,1
502_home,image-alt,10,0
498_home,image-alt,1,2
515_home,image-alt,14,17
51_home,image-alt,2,0
525_home,image-alt,17,17
532_home,image-alt,2,0
538_home,image-alt,8,37
554_home,image-alt,13,1
55_home,image-alt,2,0
555_home,image-alt,2,8
561_home,image-alt,1,1
560_home,image-alt,3,4
565_home,image-alt,1,0
580_home,image-alt,1,26
573_home,image-alt,4,20
588_home,image-alt,1,22
615_home,image-alt,6,1
61_home,image-alt,24,2
627_home,image-alt,4,1
650_home,image-alt,25,47
681_home,image-alt,28,3
683_home,image-alt,2,0
722_home,image-alt,1,13
72_home,image-alt,1,1
734_home,image-alt,2,0
750_home,image-alt,4,5
763_home,image-alt,3,0
844_home,image-alt,13,4
863_home,image-alt,86,4
872_home,image-alt,4,0
868_home,image-alt,1,1
890_home,image-alt,1,0
897_home,image-alt,4,0
898_home,image-alt,12,40
900_home,image-alt,1,10
929_home,image-alt,2,13
933_home,image-alt,5,0
942_home,image-alt,2,2
947_home,image-alt,8,29
973_home,image-alt,4,31
96_home,image-alt,1,13
981_home,image-alt,6,28
986_home,image-alt,1,4
996_home,image-alt,1,19
994_home,image-alt,1,10
112_home,image-alt,3,1
1144_home,image-alt,1,0
1150_home,image-alt,1,1
1228_home,image-alt,26,96
1246_home,image-alt,10,13
127_home,image-alt,1,3
1306_home,image-alt,28,44
1320_home,image-alt,13,20
1365_home,image-alt,6,11
1470_home,image-alt,1,43
1525_home,image-alt,16,19
1538_home,image-alt,4,41
158_home,image-alt,1,0
1681_home,image-alt,12,16
1712_home,image-alt,3,2
1991_home,image-alt,6,28
2061_home,image-alt,4,10
2165_home,image-alt,6,20
226_home,image-alt,8,13
2270_home,image-alt,56,42
2337_home,image-alt,9,13
2509_home,image-alt,1,8
2645_home,image-alt,15,12
2707_home,image-alt,4,14
2740_home,image-alt,7,46
2802_home,image-alt,9,5
2799_home,image-alt,9,11
2855_home,image-alt,9,12
289_home,image-alt,10,2
301_home,image-alt,4,13
3100_home,image-alt,1,29
340_home,image-alt,19,0
3413_home,image-alt,8,17
3423_home,image-alt,39,0
3659_home,image-alt,4,4
396_home,image-alt,1,3
4010_home,image-alt,12,15
4248_home,image-alt,23,14
4271_home,image-alt,9,22
4457_home,image-alt,15,6
530_home,image-alt,1,1
639_home,image-alt,7,19
680_home,image-alt,4,14
718_home,image-alt,8,10
743_home,image-alt,1,0
761_home,image-alt,4,12
81_home,image-alt,14,0
82_home,image-alt,1,37
886_home,image-alt,12,0
91_home,image-alt,7,1
943_home,image-alt,7,26
948_home,image-alt,2,1
951_home,image-alt,3,13
1243_home,image-alt,3,2
1327_home,image-alt,1,1
1486_home,image-alt,1,8
1612_home,image-alt,6,5
1708_home,image-alt,19,1
1732_home,image-alt,74,8
2172_home,image-alt,61,11
2439_home,image-alt,7,18
2479_home,image-alt,13,21
2581_home,image-alt,17,184
257_home,image-alt,29,33
2809_home,image-alt,24,12
2868_home,image-alt,4,10
319_home,image-alt,5,1
3296_home,image-alt,65,15
349_home,image-alt,5,0
3679_home,image-alt,77,11
3779_home,image-alt,91,3
4001_home,image-alt,19,15
4127_home,image-alt,65,9
4179_home,image-alt,5,43
4261_home,image-alt,36,137
809_home,image-alt,12,0
818_home,image-alt,3,0
1799_home,image-alt,90,15
2053_home,image-alt,78,12
2669_home,image-alt,131,14
2759_home,image-alt,115,10
2754_home,image-alt,94,15
3393_home,image-alt,89,12
3733_home,image-alt,78,13
749_home,image-alt,3,2
4513_home,image-alt,79,227
1058_home,image-alt,1,1
383_home,image-alt,6,245
935_home,image-alt,2,6
727_home,image-alt,10,297
2871_home,image-alt,2,95
2247_home,image-alt,5,524
2298_home,image-alt,3,4
