category,page_id,page_type,issue,violations,passes,total_checks,failure_rate
hubmap,hubmap0,home,aria-allowed-role,1,15,16,0.0625
hubmap,hubmap0,home,aria-required-children,2,0,2,1
hubmap,hubmap0,home,heading-order,3,18,21,0.14285714285714285
hubmap,hubmap0,home,html-has-lang,1,0,1,1
hubmap,hubmap0,home,landmark-one-main,1,0,1,1
hubmap,hubmap0,home,link-name,67,57,124,0.5403225806451613
hubmap,hubmap0,home,nested-interactive,3,27,30,0.1
hubmap,hubmap0,home,region,65,821,886,0.07336343115124154
hubmap,hubmap0,home,aria-allowed-attr,0,21,21,0
hubmap,hubmap0,home,aria-conditional-attr,0,21,21,0
hubmap,hubmap0,home,aria-deprecated-role,0,16,16,0
hubmap,hubmap0,home,aria-hidden-body,0,1,1,0
hubmap,hubmap0,home,aria-hidden-focus,0,47,47,0
hubmap,hubmap0,home,aria-prohibited-attr,0,21,21,0
hubmap,hubmap0,home,aria-required-attr,0,16,16,0
hubmap,hubmap0,home,aria-required-parent,0,4,4,0
hubmap,hubmap0,home,aria-roles,0,16,16,0
hubmap,hubmap0,home,aria-valid-attr-value,0,21,21,0
hubmap,hubmap0,home,aria-valid-attr,0,21,21,0
hubmap,hubmap0,home,avoid-inline-spacing,0,102,102,0
hubmap,hubmap0,home,button-name,0,5,5,0
hubmap,hubmap0,home,bypass,0,1,1,0
hubmap,hubmap0,home,color-contrast,0,120,120,0
hubmap,hubmap0,home,document-title,0,1,1,0
hubmap,hubmap0,home,duplicate-id-aria,0,8,8,0
hubmap,hubmap0,home,empty-heading,0,21,21,0
hubmap,hubmap0,home,image-alt,0,15,15,0
hubmap,hubmap0,home,image-redundant-alt,0,15,15,0
hubmap,hubmap0,home,landmark-banner-is-top-level,0,1,1,0
hubmap,hubmap0,home,landmark-no-duplicate-banner,0,1,1,0
hubmap,hubmap0,home,landmark-unique,0,2,2,0
hubmap,hubmap0,home,link-in-text-block,0,10,10,0
hubmap,hubmap0,home,list,0,1,1,0
hubmap,hubmap0,home,listitem,0,5,5,0
hubmap,hubmap0,home,meta-viewport-large,0,1,1,0
hubmap,hubmap0,home,meta-viewport,0,1,1,0
hubmap,hubmap0,home,page-has-heading-one,0,1,1,0
hubmap,hubmap0,home,role-img-alt,0,6,6,0
hubmap,hubmap0,home,scrollable-region-focusable,0,1,1,0
hubmap,hubmap0,home,tabindex,0,14,14,0
category,page_id,page_type,issue,violations,passes,total_checks,failure_rate
hubmap,hubmap10,dataset,button-name,1,9,10,0.1
hubmap,hubmap10,dataset,heading-order,3,25,28,0.10714285714285714
hubmap,hubmap10,dataset,html-has-lang,1,0,1,1
hubmap,hubmap10,dataset,landmark-one-main,1,0,1,1
hubmap,hubmap10,dataset,region,56,476,532,0.10526315789473684
hubmap,hubmap10,dataset,scrollable-region-focusable,1,0,1,1
hubmap,hubmap10,dataset,aria-allowed-attr,0,12,12,0
hubmap,hubmap10,dataset,aria-allowed-role,0,7,7,0
hubmap,hubmap10,dataset,aria-conditional-attr,0,12,12,0
hubmap,hubmap10,dataset,aria-deprecated-role,0,5,5,0
hubmap,hubmap10,dataset,aria-hidden-body,0,1,1,0
hubmap,hubmap10,dataset,aria-hidden-focus,0,104,104,0
hubmap,hubmap10,dataset,aria-prohibited-attr,0,12,12,0
hubmap,hubmap10,dataset,aria-required-attr,0,5,5,0
hubmap,hubmap10,dataset,aria-required-children,0,1,1,0
hubmap,hubmap10,dataset,aria-required-parent,0,3,3,0
hubmap,hubmap10,dataset,aria-roles,0,5,5,0
hubmap,hubmap10,dataset,aria-valid-attr-value,0,12,12,0
hubmap,hubmap10,dataset,aria-valid-attr,0,12,12,0
hubmap,hubmap10,dataset,avoid-inline-spacing,0,4,4,0
hubmap,hubmap10,dataset,bypass,0,1,1,0
hubmap,hubmap10,dataset,color-contrast,0,119,119,0
hubmap,hubmap10,dataset,document-title,0,1,1,0
hubmap,hubmap10,dataset,duplicate-id-aria,0,6,6,0
hubmap,hubmap10,dataset,empty-heading,0,28,28,0
hubmap,hubmap10,dataset,empty-table-header,0,5,5,0
hubmap,hubmap10,dataset,landmark-banner-is-top-level,0,1,1,0
hubmap,hubmap10,dataset,landmark-no-duplicate-banner,0,1,1,0
hubmap,hubmap10,dataset,landmark-unique,0,2,2,0
hubmap,hubmap10,dataset,link-in-text-block,0,3,3,0
hubmap,hubmap10,dataset,link-name,0,42,42,0
hubmap,hubmap10,dataset,list,0,1,1,0
hubmap,hubmap10,dataset,listitem,0,6,6,0
hubmap,hubmap10,dataset,meta-viewport-large,0,1,1,0
hubmap,hubmap10,dataset,meta-viewport,0,1,1,0
hubmap,hubmap10,dataset,nested-interactive,0,29,29,0
hubmap,hubmap10,dataset,page-has-heading-one,0,1,1,0
hubmap,hubmap10,dataset,scope-attr-valid,0,5,5,0
hubmap,hubmap10,dataset,tabindex,0,12,12,0
hubmap,hubmap10,dataset,table-duplicate-name,0,2,2,0
hubmap,hubmap10,dataset,td-headers-attr,0,2,2,0
hubmap,hubmap10,dataset,th-has-data-cells,0,2,2,0
category,page_id,page_type,issue,violations,passes,total_checks,failure_rate
hubmap,hubmap11,donor,button-name,1,9,10,0.1
hubmap,hubmap11,donor,heading-order,2,19,21,0.09523809523809523
hubmap,hubmap11,donor,html-has-lang,1,0,1,1
hubmap,hubmap11,donor,landmark-one-main,1,0,1,1
hubmap,hubmap11,donor,region,38,479,517,0.0735009671179884
hubmap,hubmap11,donor,scrollable-region-focusable,1,1,2,0.5
hubmap,hubmap11,donor,aria-allowed-attr,0,15,15,0
hubmap,hubmap11,donor,aria-allowed-role,0,10,10,0
hubmap,hubmap11,donor,aria-conditional-attr,0,15,15,0
hubmap,hubmap11,donor,aria-deprecated-role,0,9,9,0
hubmap,hubmap11,donor,aria-hidden-body,0,1,1,0
hubmap,hubmap11,donor,aria-hidden-focus,0,41,41,0
hubmap,hubmap11,donor,aria-prohibited-attr,0,15,15,0
hubmap,hubmap11,donor,aria-required-attr,0,9,9,0
hubmap,hubmap11,donor,aria-required-children,0,2,2,0
hubmap,hubmap11,donor,aria-required-parent,0,4,4,0
hubmap,hubmap11,donor,aria-roles,0,9,9,0
hubmap,hubmap11,donor,aria-valid-attr-value,0,15,15,0
hubmap,hubmap11,donor,aria-valid-attr,0,15,15,0
hubmap,hubmap11,donor,avoid-inline-spacing,0,6,6,0
hubmap,hubmap11,donor,bypass,0,1,1,0
hubmap,hubmap11,donor,color-contrast,0,88,88,0
hubmap,hubmap11,donor,document-title,0,1,1,0
hubmap,hubmap11,donor,empty-heading,0,21,21,0
hubmap,hubmap11,donor,empty-table-header,0,7,7,0
hubmap,hubmap11,donor,landmark-banner-is-top-level,0,1,1,0
hubmap,hubmap11,donor,landmark-no-duplicate-banner,0,1,1,0
hubmap,hubmap11,donor,landmark-unique,0,2,2,0
hubmap,hubmap11,donor,link-name,0,61,61,0
hubmap,hubmap11,donor,list,0,1,1,0
hubmap,hubmap11,donor,listitem,0,6,6,0
hubmap,hubmap11,donor,meta-viewport-large,0,1,1,0
hubmap,hubmap11,donor,meta-viewport,0,1,1,0
hubmap,hubmap11,donor,nested-interactive,0,18,18,0
hubmap,hubmap11,donor,page-has-heading-one,0,1,1,0
hubmap,hubmap11,donor,scope-attr-valid,0,7,7,0
hubmap,hubmap11,donor,tabindex,0,12,12,0
hubmap,hubmap11,donor,table-duplicate-name,0,2,2,0
hubmap,hubmap11,donor,td-headers-attr,0,2,2,0
hubmap,hubmap11,donor,th-has-data-cells,0,2,2,0
category,page_id,page_type,issue,violations,passes,total_checks,failure_rate
hubmap,hubmap12,donor,button-name,1,9,10,0.1
hubmap,hubmap12,donor,heading-order,2,21,23,0.08695652173913043
hubmap,hubmap12,donor,html-has-lang,1,0,1,1
hubmap,hubmap12,donor,landmark-one-main,1,0,1,1
hubmap,hubmap12,donor,region,40,260,300,0.13333333333333333
hubmap,hubmap12,donor,scrollable-region-focusable,1,0,1,1
hubmap,hubmap12,donor,aria-allowed-attr,0,15,15,0
hubmap,hubmap12,donor,aria-allowed-role,0,10,10,0
hubmap,hubmap12,donor,aria-conditional-attr,0,15,15,0
hubmap,hubmap12,donor,aria-deprecated-role,0,9,9,0
hubmap,hubmap12,donor,aria-hidden-body,0,1,1,0
hubmap,hubmap12,donor,aria-hidden-focus,0,39,39,0
hubmap,hubmap12,donor,aria-prohibited-attr,0,15,15,0
hubmap,hubmap12,donor,aria-required-attr,0,9,9,0
hubmap,hubmap12,donor,aria-required-children,0,2,2,0
hubmap,hubmap12,donor,aria-required-parent,0,4,4,0
hubmap,hubmap12,donor,aria-roles,0,9,9,0
hubmap,hubmap12,donor,aria-valid-attr-value,0,15,15,0
hubmap,hubmap12,donor,aria-valid-attr,0,15,15,0
hubmap,hubmap12,donor,avoid-inline-spacing,0,6,6,0
hubmap,hubmap12,donor,bypass,0,1,1,0
hubmap,hubmap12,donor,color-contrast,0,88,88,0
hubmap,hubmap12,donor,document-title,0,1,1,0
hubmap,hubmap12,donor,empty-heading,0,23,23,0
hubmap,hubmap12,donor,empty-table-header,0,7,7,0
hubmap,hubmap12,donor,landmark-banner-is-top-level,0,1,1,0
hubmap,hubmap12,donor,landmark-no-duplicate-banner,0,1,1,0
hubmap,hubmap12,donor,landmark-unique,0,2,2,0
hubmap,hubmap12,donor,link-name,0,32,32,0
hubmap,hubmap12,donor,list,0,1,1,0
hubmap,hubmap12,donor,listitem,0,6,6,0
hubmap,hubmap12,donor,meta-viewport-large,0,1,1,0
hubmap,hubmap12,donor,meta-viewport,0,1,1,0
hubmap,hubmap12,donor,nested-interactive,0,18,18,0
hubmap,hubmap12,donor,page-has-heading-one,0,1,1,0
hubmap,hubmap12,donor,scope-attr-valid,0,7,7,0
hubmap,hubmap12,donor,tabindex,0,12,12,0
hubmap,hubmap12,donor,table-duplicate-name,0,2,2,0
hubmap,hubmap12,donor,td-headers-attr,0,2,2,0
hubmap,hubmap12,donor,th-has-data-cells,0,2,2,0
category,page_id,page_type,issue,violations,passes,total_checks,failure_rate
hubmap,hubmap13,donor,button-name,1,9,10,0.1
hubmap,hubmap13,donor,heading-order,2,20,22,0.09090909090909091
hubmap,hubmap13,donor,html-has-lang,1,0,1,1
hubmap,hubmap13,donor,landmark-one-main,1,0,1,1
hubmap,hubmap13,donor,region,38,419,457,0.08315098468271334
hubmap,hubmap13,donor,scrollable-region-focusable,1,1,2,0.5
hubmap,hubmap13,donor,aria-allowed-attr,0,15,15,0
hubmap,hubmap13,donor,aria-allowed-role,0,10,10,0
hubmap,hubmap13,donor,aria-conditional-attr,0,15,15,0
hubmap,hubmap13,donor,aria-deprecated-role,0,9,9,0
hubmap,hubmap13,donor,aria-hidden-body,0,1,1,0
hubmap,hubmap13,donor,aria-hidden-focus,0,39,39,0
hubmap,hubmap13,donor,aria-prohibited-attr,0,15,15,0
hubmap,hubmap13,donor,aria-required-attr,0,9,9,0
hubmap,hubmap13,donor,aria-required-children,0,2,2,0
hubmap,hubmap13,donor,aria-required-parent,0,4,4,0
hubmap,hubmap13,donor,aria-roles,0,9,9,0
hubmap,hubmap13,donor,aria-valid-attr-value,0,15,15,0
hubmap,hubmap13,donor,aria-valid-attr,0,15,15,0
hubmap,hubmap13,donor,avoid-inline-spacing,0,6,6,0
hubmap,hubmap13,donor,bypass,0,1,1,0
hubmap,hubmap13,donor,color-contrast,0,90,90,0
hubmap,hubmap13,donor,document-title,0,1,1,0
hubmap,hubmap13,donor,empty-heading,0,22,22,0
hubmap,hubmap13,donor,empty-table-header,0,7,7,0
hubmap,hubmap13,donor,landmark-banner-is-top-level,0,1,1,0
hubmap,hubmap13,donor,landmark-no-duplicate-banner,0,1,1,0
hubmap,hubmap13,donor,landmark-unique,0,2,2,0
hubmap,hubmap13,donor,link-name,0,53,53,0
hubmap,hubmap13,donor,list,0,1,1,0
hubmap,hubmap13,donor,listitem,0,6,6,0
hubmap,hubmap13,donor,meta-viewport-large,0,1,1,0
hubmap,hubmap13,donor,meta-viewport,0,1,1,0
hubmap,hubmap13,donor,nested-interactive,0,18,18,0
hubmap,hubmap13,donor,page-has-heading-one,0,1,1,0
hubmap,hubmap13,donor,scope-attr-valid,0,7,7,0
hubmap,hubmap13,donor,tabindex,0,12,12,0
hubmap,hubmap13,donor,table-duplicate-name,0,2,2,0
hubmap,hubmap13,donor,td-headers-attr,0,2,2,0
hubmap,hubmap13,donor,th-has-data-cells,0,2,2,0
category,page_id,page_type,issue,violations,passes,total_checks,failure_rate
hubmap,hubmap14,organs,heading-order,2,35,37,0.05405405405405406
hubmap,hubmap14,organs,html-has-lang,1,0,1,1
hubmap,hubmap14,organs,landmark-one-main,1,0,1,1
hubmap,hubmap14,organs,region,78,322,400,0.195
hubmap,hubmap14,organs,aria-allowed-attr,0,36,36,0
hubmap,hubmap14,organs,aria-allowed-role,0,31,31,0
hubmap,hubmap14,organs,aria-conditional-attr,0,36,36,0
hubmap,hubmap14,organs,aria-deprecated-role,0,31,31,0
hubmap,hubmap14,organs,aria-hidden-body,0,1,1,0
hubmap,hubmap14,organs,aria-hidden-focus,0,39,39,0
hubmap,hubmap14,organs,aria-prohibited-attr,0,36,36,0
hubmap,hubmap14,organs,aria-required-attr,0,31,31,0
hubmap,hubmap14,organs,aria-roles,0,31,31,0
hubmap,hubmap14,organs,aria-valid-attr-value,0,36,36,0
hubmap,hubmap14,organs,aria-valid-attr,0,36,36,0
hubmap,hubmap14,organs,avoid-inline-spacing,0,1,1,0
hubmap,hubmap14,organs,button-name,0,4,4,0
hubmap,hubmap14,organs,bypass,0,1,1,0
hubmap,hubmap14,organs,color-contrast,0,112,112,0
hubmap,hubmap14,organs,document-title,0,1,1,0
hubmap,hubmap14,organs,empty-heading,0,37,37,0
hubmap,hubmap14,organs,landmark-banner-is-top-level,0,1,1,0
hubmap,hubmap14,organs,landmark-no-duplicate-banner,0,1,1,0
hubmap,hubmap14,organs,landmark-unique,0,1,1,0
hubmap,hubmap14,organs,link-name,0,45,45,0
hubmap,hubmap14,organs,meta-viewport-large,0,1,1,0
hubmap,hubmap14,organs,meta-viewport,0,1,1,0
hubmap,hubmap14,organs,nested-interactive,0,66,66,0
hubmap,hubmap14,organs,page-has-heading-one,0,1,1,0
hubmap,hubmap14,organs,role-img-alt,0,31,31,0
hubmap,hubmap14,organs,tabindex,0,4,4,0
category,page_id,page_type,issue,violations,passes,total_checks,failure_rate
hubmap,hubmap15,organ,heading-order,1,8,9,0.1111111111111111
hubmap,hubmap15,organ,html-has-lang,1,0,1,1
hubmap,hubmap15,organ,landmark-one-main,1,0,1,1
hubmap,hubmap15,organ,link-name,1,24,25,0.04
hubmap,hubmap15,organ,region,24,223,247,0.09716599190283401
hubmap,hubmap15,organ,aria-allowed-attr,0,11,11,0
hubmap,hubmap15,organ,aria-allowed-role,0,4,4,0
hubmap,hubmap15,organ,aria-conditional-attr,0,11,11,0
hubmap,hubmap15,organ,aria-deprecated-role,0,3,3,0
hubmap,hubmap15,organ,aria-hidden-body,0,1,1,0
hubmap,hubmap15,organ,aria-hidden-focus,0,25,25,0
hubmap,hubmap15,organ,aria-prohibited-attr,0,11,11,0
hubmap,hubmap15,organ,aria-required-attr,0,3,3,0
hubmap,hubmap15,organ,aria-required-children,0,1,1,0
hubmap,hubmap15,organ,aria-required-parent,0,1,1,0
hubmap,hubmap15,organ,aria-roles,0,3,3,0
hubmap,hubmap15,organ,aria-valid-attr-value,0,11,11,0
hubmap,hubmap15,organ,aria-valid-attr,0,11,11,0
hubmap,hubmap15,organ,avoid-inline-spacing,0,19,19,0
hubmap,hubmap15,organ,button-name,0,12,12,0
hubmap,hubmap15,organ,bypass,0,1,1,0
hubmap,hubmap15,organ,color-contrast,0,47,47,0
hubmap,hubmap15,organ,document-title,0,1,1,0
hubmap,hubmap15,organ,duplicate-id-aria,0,2,2,0
hubmap,hubmap15,organ,empty-heading,0,9,9,0
hubmap,hubmap15,organ,empty-table-header,0,9,9,0
hubmap,hubmap15,organ,form-field-multiple-labels,0,3,3,0
hubmap,hubmap15,organ,label-title-only,0,3,3,0
hubmap,hubmap15,organ,label,0,3,3,0
hubmap,hubmap15,organ,landmark-banner-is-top-level,0,1,1,0
hubmap,hubmap15,organ,landmark-no-duplicate-banner,0,1,1,0
hubmap,hubmap15,organ,landmark-unique,0,2,2,0
hubmap,hubmap15,organ,list,0,1,1,0
hubmap,hubmap15,organ,listitem,0,3,3,0
hubmap,hubmap15,organ,meta-viewport-large,0,1,1,0
hubmap,hubmap15,organ,meta-viewport,0,1,1,0
hubmap,hubmap15,organ,nested-interactive,0,15,15,0
hubmap,hubmap15,organ,page-has-heading-one,0,1,1,0
hubmap,hubmap15,organ,scope-attr-valid,0,9,9,0
hubmap,hubmap15,organ,tabindex,0,14,14,0
hubmap,hubmap15,organ,table-duplicate-name,0,2,2,0
hubmap,hubmap15,organ,td-headers-attr,0,2,2,0
hubmap,hubmap15,organ,th-has-data-cells,0,2,2,0
category,page_id,page_type,issue,violations,passes,total_checks,failure_rate
hubmap,hubmap16,biomarkers,empty-heading,1,8,9,0.1111111111111111
hubmap,hubmap16,biomarkers,heading-order,1,8,9,0.1111111111111111
hubmap,hubmap16,biomarkers,html-has-lang,1,0,1,1
hubmap,hubmap16,biomarkers,landmark-one-main,1,0,1,1
hubmap,hubmap16,biomarkers,region,30,150,180,0.16666666666666666
hubmap,hubmap16,biomarkers,aria-allowed-attr,0,37,37,0
hubmap,hubmap16,biomarkers,aria-conditional-attr,0,37,37,0
hubmap,hubmap16,biomarkers,aria-hidden-body,0,1,1,0
hubmap,hubmap16,biomarkers,aria-hidden-focus,0,11,11,0
hubmap,hubmap16,biomarkers,aria-prohibited-attr,0,6,6,0
hubmap,hubmap16,biomarkers,aria-valid-attr-value,0,37,37,0
hubmap,hubmap16,biomarkers,aria-valid-attr,0,37,37,0
hubmap,hubmap16,biomarkers,avoid-inline-spacing,0,1,1,0
hubmap,hubmap16,biomarkers,button-name,0,7,7,0
hubmap,hubmap16,biomarkers,bypass,0,1,1,0
hubmap,hubmap16,biomarkers,color-contrast,0,38,38,0
hubmap,hubmap16,biomarkers,document-title,0,1,1,0
hubmap,hubmap16,biomarkers,form-field-multiple-labels,0,1,1,0
hubmap,hubmap16,biomarkers,label-title-only,0,1,1,0
hubmap,hubmap16,biomarkers,label,0,1,1,0
hubmap,hubmap16,biomarkers,landmark-banner-is-top-level,0,1,1,0
hubmap,hubmap16,biomarkers,landmark-no-duplicate-banner,0,1,1,0
hubmap,hubmap16,biomarkers,landmark-unique,0,1,1,0
hubmap,hubmap16,biomarkers,link-in-text-block,0,1,1,0
hubmap,hubmap16,biomarkers,link-name,0,26,26,0
hubmap,hubmap16,biomarkers,meta-viewport-large,0,1,1,0
hubmap,hubmap16,biomarkers,meta-viewport,0,1,1,0
hubmap,hubmap16,biomarkers,nested-interactive,0,7,7,0
hubmap,hubmap16,biomarkers,page-has-heading-one,0,1,1,0
hubmap,hubmap16,biomarkers,scrollable-region-focusable,0,1,1,0
hubmap,hubmap16,biomarkers,tabindex,0,8,8,0
category,page_id,page_type,issue,violations,passes,total_checks,failure_rate
hubmap,hubmap17,collections,heading-order,1,5,6,0.16666666666666666
hubmap,hubmap17,collections,html-has-lang,1,0,1,1
hubmap,hubmap17,collections,landmark-one-main,1,0,1,1
hubmap,hubmap17,collections,region,18,132,150,0.12
hubmap,hubmap17,collections,aria-allowed-attr,0,5,5,0
hubmap,hubmap17,collections,aria-conditional-attr,0,5,5,0
hubmap,hubmap17,collections,aria-hidden-body,0,1,1,0
hubmap,hubmap17,collections,aria-hidden-focus,0,9,9,0
hubmap,hubmap17,collections,aria-prohibited-attr,0,5,5,0
hubmap,hubmap17,collections,aria-valid-attr-value,0,5,5,0
hubmap,hubmap17,collections,aria-valid-attr,0,5,5,0
hubmap,hubmap17,collections,avoid-inline-spacing,0,1,1,0
hubmap,hubmap17,collections,button-name,0,4,4,0
hubmap,hubmap17,collections,bypass,0,1,1,0
hubmap,hubmap17,collections,color-contrast,0,36,36,0
hubmap,hubmap17,collections,document-title,0,1,1,0
hubmap,hubmap17,collections,empty-heading,0,6,6,0
hubmap,hubmap17,collections,landmark-banner-is-top-level,0,1,1,0
hubmap,hubmap17,collections,landmark-no-duplicate-banner,0,1,1,0
hubmap,hubmap17,collections,landmark-unique,0,1,1,0
hubmap,hubmap17,collections,link-name,0,32,32,0
hubmap,hubmap17,collections,meta-viewport-large,0,1,1,0
hubmap,hubmap17,collections,meta-viewport,0,1,1,0
hubmap,hubmap17,collections,nested-interactive,0,4,4,0
hubmap,hubmap17,collections,page-has-heading-one,0,1,1,0
hubmap,hubmap17,collections,scrollable-region-focusable,0,1,1,0
hubmap,hubmap17,collections,tabindex,0,4,4,0
category,page_id,page_type,issue,violations,passes,total_checks,failure_rate
hubmap,hubmap18,collection,heading-order,2,13,15,0.13333333333333333
hubmap,hubmap18,collection,html-has-lang,1,0,1,1
hubmap,hubmap18,collection,landmark-one-main,1,0,1,1
hubmap,hubmap18,collection,region,73,1841,1914,0.03814002089864159
hubmap,hubmap18,collection,aria-allowed-attr,0,5,5,0
hubmap,hubmap18,collection,aria-conditional-attr,0,5,5,0
hubmap,hubmap18,collection,aria-hidden-body,0,1,1,0
hubmap,hubmap18,collection,aria-hidden-focus,0,31,31,0
hubmap,hubmap18,collection,aria-prohibited-attr,0,5,5,0
hubmap,hubmap18,collection,aria-valid-attr-value,0,5,5,0
hubmap,hubmap18,collection,aria-valid-attr,0,5,5,0
hubmap,hubmap18,collection,avoid-inline-spacing,0,1,1,0
hubmap,hubmap18,collection,button-name,0,4,4,0
hubmap,hubmap18,collection,bypass,0,1,1,0
hubmap,hubmap18,collection,color-contrast,0,99,99,0
hubmap,hubmap18,collection,document-title,0,1,1,0
hubmap,hubmap18,collection,empty-heading,0,15,15,0
hubmap,hubmap18,collection,empty-table-header,0,12,12,0
hubmap,hubmap18,collection,landmark-banner-is-top-level,0,1,1,0
hubmap,hubmap18,collection,landmark-no-duplicate-banner,0,1,1,0
hubmap,hubmap18,collection,landmark-unique,0,1,1,0
hubmap,hubmap18,collection,link-name,0,244,244,0
hubmap,hubmap18,collection,meta-viewport-large,0,1,1,0
hubmap,hubmap18,collection,meta-viewport,0,1,1,0
hubmap,hubmap18,collection,nested-interactive,0,4,4,0
hubmap,hubmap18,collection,page-has-heading-one,0,1,1,0
hubmap,hubmap18,collection,scope-attr-valid,0,12,12,0
hubmap,hubmap18,collection,scrollable-region-focusable,0,2,2,0
hubmap,hubmap18,collection,tabindex,0,5,5,0
hubmap,hubmap18,collection,table-duplicate-name,0,3,3,0
hubmap,hubmap18,collection,td-headers-attr,0,3,3,0
hubmap,hubmap18,collection,th-has-data-cells,0,3,3,0
category,page_id,page_type,issue,violations,passes,total_checks,failure_rate
hubmap,hubmap19,publications,heading-order,1,5,6,0.16666666666666666
hubmap,hubmap19,publications,html-has-lang,1,0,1,1
hubmap,hubmap19,publications,landmark-one-main,1,0,1,1
hubmap,hubmap19,publications,region,20,91,111,0.18018018018018017
hubmap,hubmap19,publications,aria-allowed-attr,0,10,10,0
hubmap,hubmap19,publications,aria-allowed-role,0,5,5,0
hubmap,hubmap19,publications,aria-conditional-attr,0,10,10,0
hubmap,hubmap19,publications,aria-deprecated-role,0,5,5,0
hubmap,hubmap19,publications,aria-hidden-body,0,1,1,0
hubmap,hubmap19,publications,aria-hidden-focus,0,9,9,0
hubmap,hubmap19,publications,aria-prohibited-attr,0,10,10,0
hubmap,hubmap19,publications,aria-required-attr,0,5,5,0
hubmap,hubmap19,publications,aria-required-children,0,1,1,0
hubmap,hubmap19,publications,aria-required-parent,0,2,2,0
hubmap,hubmap19,publications,aria-roles,0,5,5,0
hubmap,hubmap19,publications,aria-valid-attr-value,0,10,10,0
hubmap,hubmap19,publications,aria-valid-attr,0,10,10,0
hubmap,hubmap19,publications,avoid-inline-spacing,0,3,3,0
hubmap,hubmap19,publications,button-name,0,6,6,0
hubmap,hubmap19,publications,bypass,0,1,1,0
hubmap,hubmap19,publications,color-contrast,0,35,35,0
hubmap,hubmap19,publications,document-title,0,1,1,0
hubmap,hubmap19,publications,duplicate-id-aria,0,4,4,0
hubmap,hubmap19,publications,empty-heading,0,6,6,0
hubmap,hubmap19,publications,landmark-banner-is-top-level,0,1,1,0
hubmap,hubmap19,publications,landmark-no-duplicate-banner,0,1,1,0
hubmap,hubmap19,publications,landmark-unique,0,1,1,0
hubmap,hubmap19,publications,link-in-text-block,0,1,1,0
hubmap,hubmap19,publications,link-name,0,23,23,0
hubmap,hubmap19,publications,meta-viewport-large,0,1,1,0
hubmap,hubmap19,publications,meta-viewport,0,1,1,0
hubmap,hubmap19,publications,nested-interactive,0,6,6,0
hubmap,hubmap19,publications,page-has-heading-one,0,1,1,0
hubmap,hubmap19,publications,scrollable-region-focusable,0,1,1,0
hubmap,hubmap19,publications,tabindex,0,6,6,0
category,page_id,page_type,issue,violations,passes,total_checks,failure_rate
hubmap,hubmap1,cells,heading-order,1,8,9,0.1111111111111111
hubmap,hubmap1,cells,html-has-lang,1,0,1,1
hubmap,hubmap1,cells,landmark-one-main,1,0,1,1
hubmap,hubmap1,cells,region,18,82,100,0.18
hubmap,hubmap1,cells,aria-allowed-attr,0,11,11,0
hubmap,hubmap1,cells,aria-allowed-role,0,10,10,0
hubmap,hubmap1,cells,aria-command-name,0,3,3,0
hubmap,hubmap1,cells,aria-conditional-attr,0,11,11,0
hubmap,hubmap1,cells,aria-deprecated-role,0,5,5,0
hubmap,hubmap1,cells,aria-hidden-body,0,1,1,0
hubmap,hubmap1,cells,aria-hidden-focus,0,39,39,0
hubmap,hubmap1,cells,aria-input-field-name,0,1,1,0
hubmap,hubmap1,cells,aria-prohibited-attr,0,11,11,0
hubmap,hubmap1,cells,aria-required-attr,0,5,5,0
hubmap,hubmap1,cells,aria-roles,0,5,5,0
hubmap,hubmap1,cells,aria-valid-attr-value,0,11,11,0
hubmap,hubmap1,cells,aria-valid-attr,0,11,11,0
hubmap,hubmap1,cells,avoid-inline-spacing,0,2,2,0
hubmap,hubmap1,cells,button-name,0,7,7,0
hubmap,hubmap1,cells,bypass,0,1,1,0
hubmap,hubmap1,cells,color-contrast,0,31,31,0
hubmap,hubmap1,cells,document-title,0,1,1,0
hubmap,hubmap1,cells,duplicate-id-aria,0,12,12,0
hubmap,hubmap1,cells,empty-heading,0,9,9,0
hubmap,hubmap1,cells,landmark-banner-is-top-level,0,1,1,0
hubmap,hubmap1,cells,landmark-no-duplicate-banner,0,1,1,0
hubmap,hubmap1,cells,landmark-unique,0,2,2,0
hubmap,hubmap1,cells,link-name,0,15,15,0
hubmap,hubmap1,cells,meta-viewport-large,0,1,1,0
hubmap,hubmap1,cells,meta-viewport,0,1,1,0
hubmap,hubmap1,cells,nested-interactive,0,10,10,0
hubmap,hubmap1,cells,page-has-heading-one,0,1,1,0
hubmap,hubmap1,cells,tabindex,0,11,11,0
category,page_id,page_type,issue,violations,passes,total_checks,failure_rate
hubmap,hubmap20,publication,heading-order,4,30,34,0.11764705882352941
hubmap,hubmap20,publication,html-has-lang,1,0,1,1
hubmap,hubmap20,publication,landmark-banner-is-top-level,2,1,3,0.6666666666666666
hubmap,hubmap20,publication,landmark-main-is-top-level,2,0,2,1
hubmap,hubmap20,publication,landmark-no-duplicate-banner,1,0,1,1
hubmap,hubmap20,publication,landmark-no-duplicate-main,1,0,1,1
hubmap,hubmap20,publication,landmark-unique,3,1,4,0.75
hubmap,hubmap20,publication,nested-interactive,1,214,215,0.004651162790697674
hubmap,hubmap20,publication,region,95,633,728,0.1304945054945055
hubmap,hubmap20,publication,svg-img-alt,1,0,1,1
hubmap,hubmap20,publication,aria-allowed-attr,0,61,61,0
hubmap,hubmap20,publication,aria-allowed-role,0,54,54,0
hubmap,hubmap20,publication,aria-command-name,0,11,11,0
hubmap,hubmap20,publication,aria-conditional-attr,0,61,61,0
hubmap,hubmap20,publication,aria-deprecated-role,0,35,35,0
hubmap,hubmap20,publication,aria-hidden-body,0,1,1,0
hubmap,hubmap20,publication,aria-hidden-focus,0,138,138,0
hubmap,hubmap20,publication,aria-input-field-name,0,9,9,0
hubmap,hubmap20,publication,aria-prohibited-attr,0,61,61,0
hubmap,hubmap20,publication,aria-required-attr,0,35,35,0
hubmap,hubmap20,publication,aria-roles,0,35,35,0
hubmap,hubmap20,publication,aria-valid-attr-value,0,61,61,0
hubmap,hubmap20,publication,aria-valid-attr,0,61,61,0
hubmap,hubmap20,publication,avoid-inline-spacing,0,44,44,0
hubmap,hubmap20,publication,button-name,0,21,21,0
hubmap,hubmap20,publication,bypass,0,1,1,0
hubmap,hubmap20,publication,color-contrast,0,111,111,0
hubmap,hubmap20,publication,document-title,0,1,1,0
hubmap,hubmap20,publication,duplicate-id-aria,0,4,4,0
hubmap,hubmap20,publication,empty-heading,0,34,34,0
hubmap,hubmap20,publication,empty-table-header,0,3,3,0
hubmap,hubmap20,publication,form-field-multiple-labels,0,11,11,0
hubmap,hubmap20,publication,label-title-only,0,11,11,0
hubmap,hubmap20,publication,label,0,5,5,0
hubmap,hubmap20,publication,landmark-one-main,0,1,1,0
hubmap,hubmap20,publication,link-name,0,45,45,0
hubmap,hubmap20,publication,list,0,4,4,0
hubmap,hubmap20,publication,listitem,0,9,9,0
hubmap,hubmap20,publication,meta-viewport-large,0,1,1,0
hubmap,hubmap20,publication,meta-viewport,0,1,1,0
hubmap,hubmap20,publication,page-has-heading-one,0,1,1,0
hubmap,hubmap20,publication,scope-attr-valid,0,3,3,0
hubmap,hubmap20,publication,scrollable-region-focusable,0,2,2,0
hubmap,hubmap20,publication,select-name,0,6,6,0
hubmap,hubmap20,publication,tabindex,0,40,40,0
hubmap,hubmap20,publication,table-duplicate-name,0,1,1,0
hubmap,hubmap20,publication,td-headers-attr,0,1,1,0
hubmap,hubmap20,publication,th-has-data-cells,0,1,1,0
category,page_id,page_type,issue,violations,passes,total_checks,failure_rate
hubmap,hubmap21,contact,aria-allowed-role,1,30,31,0.03225806451612903
hubmap,hubmap21,contact,color-contrast,1,38,39,0.02564102564102564
hubmap,hubmap21,contact,heading-order,1,3,4,0.25
hubmap,hubmap21,contact,landmark-complementary-is-top-level,3,0,3,1
hubmap,hubmap21,contact,landmark-no-duplicate-banner,1,0,1,1
hubmap,hubmap21,contact,landmark-unique,2,7,9,0.2222222222222222
hubmap,hubmap21,contact,listitem,2,14,16,0.125
hubmap,hubmap21,contact,meta-viewport,1,0,1,1
hubmap,hubmap21,contact,aria-allowed-attr,0,16,16,0
hubmap,hubmap21,contact,aria-conditional-attr,0,16,16,0
hubmap,hubmap21,contact,aria-deprecated-role,0,23,23,0
hubmap,hubmap21,contact,aria-hidden-body,0,1,1,0
hubmap,hubmap21,contact,aria-hidden-focus,0,7,7,0
hubmap,hubmap21,contact,aria-prohibited-attr,0,16,16,0
hubmap,hubmap21,contact,aria-required-attr,0,23,23,0
hubmap,hubmap21,contact,aria-roles,0,23,23,0
hubmap,hubmap21,contact,aria-toggle-field-name,0,1,1,0
hubmap,hubmap21,contact,aria-valid-attr-value,0,16,16,0
hubmap,hubmap21,contact,aria-valid-attr,0,16,16,0
hubmap,hubmap21,contact,autocomplete-valid,0,4,4,0
hubmap,hubmap21,contact,avoid-inline-spacing,0,28,28,0
hubmap,hubmap21,contact,bypass,0,1,1,0
hubmap,hubmap21,contact,document-title,0,1,1,0
hubmap,hubmap21,contact,duplicate-id-aria,0,22,22,0
hubmap,hubmap21,contact,empty-heading,0,4,4,0
hubmap,hubmap21,contact,form-field-multiple-labels,0,5,5,0
hubmap,hubmap21,contact,frame-tested,0,1,1,0
hubmap,hubmap21,contact,frame-title-unique,0,1,1,0
hubmap,hubmap21,contact,frame-title,0,1,1,0
hubmap,hubmap21,contact,html-has-lang,0,1,1,0
hubmap,hubmap21,contact,html-lang-valid,0,2,2,0
hubmap,hubmap21,contact,image-alt,0,1,1,0
hubmap,hubmap21,contact,image-redundant-alt,0,1,1,0
hubmap,hubmap21,contact,input-button-name,0,1,1,0
hubmap,hubmap21,contact,label-title-only,0,5,5,0
hubmap,hubmap21,contact,label,0,4,4,0
hubmap,hubmap21,contact,landmark-banner-is-top-level,0,2,2,0
hubmap,hubmap21,contact,landmark-contentinfo-is-top-level,0,1,1,0
hubmap,hubmap21,contact,landmark-main-is-top-level,0,1,1,0
hubmap,hubmap21,contact,landmark-no-duplicate-contentinfo,0,1,1,0
hubmap,hubmap21,contact,landmark-no-duplicate-main,0,1,1,0
hubmap,hubmap21,contact,landmark-one-main,0,2,2,0
hubmap,hubmap21,contact,link-in-text-block,0,2,2,0
hubmap,hubmap21,contact,link-name,0,24,24,0
hubmap,hubmap21,contact,list,0,4,4,0
hubmap,hubmap21,contact,meta-viewport-large,0,1,1,0
hubmap,hubmap21,contact,nested-interactive,0,10,10,0
hubmap,hubmap21,contact,page-has-heading-one,0,2,2,0
hubmap,hubmap21,contact,presentation-role-conflict,0,1,1,0
hubmap,hubmap21,contact,region,0,330,330,0
hubmap,hubmap21,contact,scrollable-region-focusable,0,1,1,0
hubmap,hubmap21,contact,select-name,0,1,1,0
hubmap,hubmap21,contact,tabindex,0,1,1,0
category,page_id,page_type,issue,violations,passes,total_checks,failure_rate
hubmap,hubmap22,globus,image-redundant-alt,1,0,1,1
hubmap,hubmap22,globus,link-in-text-block,4,0,4,1
hubmap,hubmap22,globus,region,1,36,37,0.02702702702702703
hubmap,hubmap22,globus,tabindex,4,0,4,1
hubmap,hubmap22,globus,aria-allowed-attr,0,4,4,0
hubmap,hubmap22,globus,aria-allowed-role,0,4,4,0
hubmap,hubmap22,globus,aria-conditional-attr,0,4,4,0
hubmap,hubmap22,globus,aria-deprecated-role,0,3,3,0
hubmap,hubmap22,globus,aria-hidden-body,0,1,1,0
hubmap,hubmap22,globus,aria-hidden-focus,0,3,3,0
hubmap,hubmap22,globus,aria-prohibited-attr,0,4,4,0
hubmap,hubmap22,globus,aria-required-attr,0,3,3,0
hubmap,hubmap22,globus,aria-roles,0,3,3,0
hubmap,hubmap22,globus,aria-valid-attr-value,0,4,4,0
hubmap,hubmap22,globus,aria-valid-attr,0,4,4,0
hubmap,hubmap22,globus,autocomplete-valid,0,1,1,0
hubmap,hubmap22,globus,avoid-inline-spacing,0,1,1,0
hubmap,hubmap22,globus,button-name,0,5,5,0
hubmap,hubmap22,globus,bypass,0,1,1,0
hubmap,hubmap22,globus,color-contrast,0,19,19,0
hubmap,hubmap22,globus,document-title,0,1,1,0
hubmap,hubmap22,globus,duplicate-id-aria,0,3,3,0
hubmap,hubmap22,globus,empty-heading,0,2,2,0
hubmap,hubmap22,globus,form-field-multiple-labels,0,1,1,0
hubmap,hubmap22,globus,heading-order,0,2,2,0
hubmap,hubmap22,globus,html-has-lang,0,1,1,0
hubmap,hubmap22,globus,html-lang-valid,0,1,1,0
hubmap,hubmap22,globus,image-alt,0,1,1,0
hubmap,hubmap22,globus,label-title-only,0,1,1,0
hubmap,hubmap22,globus,label,0,1,1,0
hubmap,hubmap22,globus,landmark-banner-is-top-level,0,1,1,0
hubmap,hubmap22,globus,landmark-contentinfo-is-top-level,0,1,1,0
hubmap,hubmap22,globus,landmark-main-is-top-level,0,1,1,0
hubmap,hubmap22,globus,landmark-no-duplicate-banner,0,1,1,0
hubmap,hubmap22,globus,landmark-no-duplicate-contentinfo,0,1,1,0
hubmap,hubmap22,globus,landmark-no-duplicate-main,0,1,1,0
hubmap,hubmap22,globus,landmark-one-main,0,1,1,0
hubmap,hubmap22,globus,landmark-unique,0,4,4,0
hubmap,hubmap22,globus,link-name,0,6,6,0
hubmap,hubmap22,globus,meta-viewport-large,0,1,1,0
hubmap,hubmap22,globus,meta-viewport,0,1,1,0
hubmap,hubmap22,globus,nested-interactive,0,8,8,0
hubmap,hubmap22,globus,page-has-heading-one,0,1,1,0
category,page_id,page_type,issue,violations,passes,total_checks,failure_rate
hubmap,hubmap2,datasets,color-contrast,3,215,218,0.013761467889908258
hubmap,hubmap2,datasets,heading-order,1,14,15,0.06666666666666667
hubmap,hubmap2,datasets,html-has-lang,1,0,1,1
hubmap,hubmap2,datasets,landmark-one-main,1,0,1,1
hubmap,hubmap2,datasets,landmark-unique,1,1,2,0.5
hubmap,hubmap2,datasets,nested-interactive,18,93,111,0.16216216216216217
hubmap,hubmap2,datasets,region,146,647,793,0.1841109709962169
hubmap,hubmap2,datasets,aria-allowed-attr,0,73,73,0
hubmap,hubmap2,datasets,aria-allowed-role,0,77,77,0
hubmap,hubmap2,datasets,aria-command-name,0,33,33,0
hubmap,hubmap2,datasets,aria-conditional-attr,0,73,73,0
hubmap,hubmap2,datasets,aria-deprecated-role,0,40,40,0
hubmap,hubmap2,datasets,aria-hidden-body,0,1,1,0
hubmap,hubmap2,datasets,aria-hidden-focus,0,160,160,0
hubmap,hubmap2,datasets,aria-prohibited-attr,0,73,73,0
hubmap,hubmap2,datasets,aria-required-attr,0,40,40,0
hubmap,hubmap2,datasets,aria-roles,0,40,40,0
hubmap,hubmap2,datasets,aria-valid-attr-value,0,73,73,0
hubmap,hubmap2,datasets,aria-valid-attr,0,73,73,0
hubmap,hubmap2,datasets,avoid-inline-spacing,0,7,7,0
hubmap,hubmap2,datasets,button-name,0,27,27,0
hubmap,hubmap2,datasets,bypass,0,1,1,0
hubmap,hubmap2,datasets,document-title,0,1,1,0
hubmap,hubmap2,datasets,empty-heading,0,15,15,0
hubmap,hubmap2,datasets,empty-table-header,0,1,1,0
hubmap,hubmap2,datasets,form-field-multiple-labels,0,52,52,0
hubmap,hubmap2,datasets,label-title-only,0,52,52,0
hubmap,hubmap2,datasets,label,0,52,52,0
hubmap,hubmap2,datasets,landmark-banner-is-top-level,0,1,1,0
hubmap,hubmap2,datasets,landmark-no-duplicate-banner,0,1,1,0
hubmap,hubmap2,datasets,link-name,0,32,32,0
hubmap,hubmap2,datasets,meta-viewport-large,0,1,1,0
hubmap,hubmap2,datasets,meta-viewport,0,1,1,0
hubmap,hubmap2,datasets,page-has-heading-one,0,1,1,0
hubmap,hubmap2,datasets,scope-attr-valid,0,7,7,0
hubmap,hubmap2,datasets,tabindex,0,54,54,0
hubmap,hubmap2,datasets,table-duplicate-name,0,1,1,0
hubmap,hubmap2,datasets,td-headers-attr,0,1,1,0
hubmap,hubmap2,datasets,th-has-data-cells,0,1,1,0
category,page_id,page_type,issue,violations,passes,total_checks,failure_rate
hubmap,hubmap3,donors,aria-input-field-name,4,0,4,1
hubmap,hubmap3,donors,color-contrast,3,164,167,0.017964071856287425
hubmap,hubmap3,donors,heading-order,1,10,11,0.09090909090909091
hubmap,hubmap3,donors,html-has-lang,1,0,1,1
hubmap,hubmap3,donors,landmark-one-main,1,0,1,1
hubmap,hubmap3,donors,landmark-unique,1,1,2,0.5
hubmap,hubmap3,donors,region,147,388,535,0.27476635514018694
hubmap,hubmap3,donors,aria-allowed-attr,0,37,37,0
hubmap,hubmap3,donors,aria-allowed-role,0,32,32,0
hubmap,hubmap3,donors,aria-command-name,0,13,13,0
hubmap,hubmap3,donors,aria-conditional-attr,0,37,37,0
hubmap,hubmap3,donors,aria-deprecated-role,0,23,23,0
hubmap,hubmap3,donors,aria-hidden-body,0,1,1,0
hubmap,hubmap3,donors,aria-hidden-focus,0,76,76,0
hubmap,hubmap3,donors,aria-prohibited-attr,0,37,37,0
hubmap,hubmap3,donors,aria-required-attr,0,23,23,0
hubmap,hubmap3,donors,aria-roles,0,23,23,0
hubmap,hubmap3,donors,aria-valid-attr-value,0,37,37,0
hubmap,hubmap3,donors,aria-valid-attr,0,37,37,0
hubmap,hubmap3,donors,avoid-inline-spacing,0,58,58,0
hubmap,hubmap3,donors,button-name,0,7,7,0
hubmap,hubmap3,donors,bypass,0,1,1,0
hubmap,hubmap3,donors,document-title,0,1,1,0
hubmap,hubmap3,donors,empty-heading,0,11,11,0
hubmap,hubmap3,donors,empty-table-header,0,1,1,0
hubmap,hubmap3,donors,form-field-multiple-labels,0,27,27,0
hubmap,hubmap3,donors,label-title-only,0,27,27,0
hubmap,hubmap3,donors,label,0,27,27,0
hubmap,hubmap3,donors,landmark-banner-is-top-level,0,1,1,0
hubmap,hubmap3,donors,landmark-no-duplicate-banner,0,1,1,0
hubmap,hubmap3,donors,link-name,0,32,32,0
hubmap,hubmap3,donors,meta-viewport-large,0,1,1,0
hubmap,hubmap3,donors,meta-viewport,0,1,1,0
hubmap,hubmap3,donors,nested-interactive,0,50,50,0
hubmap,hubmap3,donors,page-has-heading-one,0,1,1,0
hubmap,hubmap3,donors,scope-attr-valid,0,8,8,0
hubmap,hubmap3,donors,tabindex,0,17,17,0
hubmap,hubmap3,donors,table-duplicate-name,0,1,1,0
hubmap,hubmap3,donors,td-headers-attr,0,1,1,0
hubmap,hubmap3,donors,th-has-data-cells,0,1,1,0
category,page_id,page_type,issue,violations,passes,total_checks,failure_rate
hubmap,hubmap4,samples,color-contrast,2,144,146,0.0136986301369863
hubmap,hubmap4,samples,heading-order,1,9,10,0.1
hubmap,hubmap4,samples,html-has-lang,1,0,1,1
hubmap,hubmap4,samples,landmark-one-main,1,0,1,1
hubmap,hubmap4,samples,landmark-unique,1,1,2,0.5
hubmap,hubmap4,samples,region,126,306,432,0.2916666666666667
hubmap,hubmap4,samples,aria-allowed-attr,0,32,32,0
hubmap,hubmap4,samples,aria-allowed-role,0,38,38,0
hubmap,hubmap4,samples,aria-command-name,0,10,10,0
hubmap,hubmap4,samples,aria-conditional-attr,0,32,32,0
hubmap,hubmap4,samples,aria-deprecated-role,0,14,14,0
hubmap,hubmap4,samples,aria-hidden-body,0,1,1,0
hubmap,hubmap4,samples,aria-hidden-focus,0,92,92,0
hubmap,hubmap4,samples,aria-prohibited-attr,0,32,32,0
hubmap,hubmap4,samples,aria-required-attr,0,14,14,0
hubmap,hubmap4,samples,aria-roles,0,14,14,0
hubmap,hubmap4,samples,aria-valid-attr-value,0,32,32,0
hubmap,hubmap4,samples,aria-valid-attr,0,32,32,0
hubmap,hubmap4,samples,avoid-inline-spacing,0,4,4,0
hubmap,hubmap4,samples,button-name,0,7,7,0
hubmap,hubmap4,samples,bypass,0,1,1,0
hubmap,hubmap4,samples,document-title,0,1,1,0
hubmap,hubmap4,samples,empty-heading,0,10,10,0
hubmap,hubmap4,samples,empty-table-header,0,1,1,0
hubmap,hubmap4,samples,form-field-multiple-labels,0,29,29,0
hubmap,hubmap4,samples,label-title-only,0,29,29,0
hubmap,hubmap4,samples,label,0,29,29,0
hubmap,hubmap4,samples,landmark-banner-is-top-level,0,1,1,0
hubmap,hubmap4,samples,landmark-no-duplicate-banner,0,1,1,0
hubmap,hubmap4,samples,link-name,0,32,32,0
hubmap,hubmap4,samples,meta-viewport-large,0,1,1,0
hubmap,hubmap4,samples,meta-viewport,0,1,1,0
hubmap,hubmap4,samples,nested-interactive,0,45,45,0
hubmap,hubmap4,samples,page-has-heading-one,0,1,1,0
hubmap,hubmap4,samples,scope-attr-valid,0,6,6,0
hubmap,hubmap4,samples,tabindex,0,12,12,0
hubmap,hubmap4,samples,table-duplicate-name,0,1,1,0
hubmap,hubmap4,samples,td-headers-attr,0,1,1,0
hubmap,hubmap4,samples,th-has-data-cells,0,1,1,0
category,page_id,page_type,issue,violations,passes,total_checks,failure_rate
hubmap,hubmap5,sample,button-name,1,8,9,0.1111111111111111
hubmap,hubmap5,sample,heading-order,2,26,28,0.07142857142857142
hubmap,hubmap5,sample,html-has-lang,1,0,1,1
hubmap,hubmap5,sample,landmark-one-main,1,0,1,1
hubmap,hubmap5,sample,region,38,317,355,0.10704225352112676
hubmap,hubmap5,sample,scrollable-region-focusable,1,0,1,1
hubmap,hubmap5,sample,aria-allowed-attr,0,13,13,0
hubmap,hubmap5,sample,aria-allowed-role,0,8,8,0
hubmap,hubmap5,sample,aria-conditional-attr,0,13,13,0
hubmap,hubmap5,sample,aria-deprecated-role,0,7,7,0
hubmap,hubmap5,sample,aria-hidden-body,0,1,1,0
hubmap,hubmap5,sample,aria-hidden-focus,0,51,51,0
hubmap,hubmap5,sample,aria-prohibited-attr,0,13,13,0
hubmap,hubmap5,sample,aria-required-attr,0,7,7,0
hubmap,hubmap5,sample,aria-required-children,0,2,2,0
hubmap,hubmap5,sample,aria-required-parent,0,3,3,0
hubmap,hubmap5,sample,aria-roles,0,7,7,0
hubmap,hubmap5,sample,aria-valid-attr-value,0,13,13,0
hubmap,hubmap5,sample,aria-valid-attr,0,13,13,0
hubmap,hubmap5,sample,avoid-inline-spacing,0,6,6,0
hubmap,hubmap5,sample,bypass,0,1,1,0
hubmap,hubmap5,sample,color-contrast,0,103,103,0
hubmap,hubmap5,sample,document-title,0,1,1,0
hubmap,hubmap5,sample,duplicate-id-aria,0,2,2,0
hubmap,hubmap5,sample,empty-heading,0,28,28,0
hubmap,hubmap5,sample,empty-table-header,0,7,7,0
hubmap,hubmap5,sample,landmark-banner-is-top-level,0,1,1,0
hubmap,hubmap5,sample,landmark-no-duplicate-banner,0,1,1,0
hubmap,hubmap5,sample,landmark-unique,0,2,2,0
hubmap,hubmap5,sample,link-name,0,34,34,0
hubmap,hubmap5,sample,list,0,1,1,0
hubmap,hubmap5,sample,listitem,0,7,7,0
hubmap,hubmap5,sample,meta-viewport-large,0,1,1,0
hubmap,hubmap5,sample,meta-viewport,0,1,1,0
hubmap,hubmap5,sample,nested-interactive,0,23,23,0
hubmap,hubmap5,sample,page-has-heading-one,0,1,1,0
hubmap,hubmap5,sample,scope-attr-valid,0,7,7,0
hubmap,hubmap5,sample,tabindex,0,11,11,0
hubmap,hubmap5,sample,table-duplicate-name,0,2,2,0
hubmap,hubmap5,sample,td-headers-attr,0,2,2,0
hubmap,hubmap5,sample,th-has-data-cells,0,2,2,0
category,page_id,page_type,issue,violations,passes,total_checks,failure_rate
hubmap,hubmap6,sample,button-name,1,8,9,0.1111111111111111
hubmap,hubmap6,sample,heading-order,2,25,27,0.07407407407407407
hubmap,hubmap6,sample,html-has-lang,1,0,1,1
hubmap,hubmap6,sample,landmark-one-main,1,0,1,1
hubmap,hubmap6,sample,region,38,269,307,0.1237785016286645
hubmap,hubmap6,sample,scrollable-region-focusable,1,0,1,1
hubmap,hubmap6,sample,aria-allowed-attr,0,13,13,0
hubmap,hubmap6,sample,aria-allowed-role,0,8,8,0
hubmap,hubmap6,sample,aria-conditional-attr,0,13,13,0
hubmap,hubmap6,sample,aria-deprecated-role,0,7,7,0
hubmap,hubmap6,sample,aria-hidden-body,0,1,1,0
hubmap,hubmap6,sample,aria-hidden-focus,0,41,41,0
hubmap,hubmap6,sample,aria-prohibited-attr,0,13,13,0
hubmap,hubmap6,sample,aria-required-attr,0,7,7,0
hubmap,hubmap6,sample,aria-required-children,0,2,2,0
hubmap,hubmap6,sample,aria-required-parent,0,3,3,0
hubmap,hubmap6,sample,aria-roles,0,7,7,0
hubmap,hubmap6,sample,aria-valid-attr-value,0,13,13,0
hubmap,hubmap6,sample,aria-valid-attr,0,13,13,0
hubmap,hubmap6,sample,avoid-inline-spacing,0,6,6,0
hubmap,hubmap6,sample,bypass,0,1,1,0
hubmap,hubmap6,sample,color-contrast,0,101,101,0
hubmap,hubmap6,sample,document-title,0,1,1,0
hubmap,hubmap6,sample,duplicate-id-aria,0,2,2,0
hubmap,hubmap6,sample,empty-heading,0,27,27,0
hubmap,hubmap6,sample,empty-table-header,0,7,7,0
hubmap,hubmap6,sample,landmark-banner-is-top-level,0,1,1,0
hubmap,hubmap6,sample,landmark-no-duplicate-banner,0,1,1,0
hubmap,hubmap6,sample,landmark-unique,0,2,2,0
hubmap,hubmap6,sample,link-name,0,34,34,0
hubmap,hubmap6,sample,list,0,1,1,0
hubmap,hubmap6,sample,listitem,0,7,7,0
hubmap,hubmap6,sample,meta-viewport-large,0,1,1,0
hubmap,hubmap6,sample,meta-viewport,0,1,1,0
hubmap,hubmap6,sample,nested-interactive,0,23,23,0
hubmap,hubmap6,sample,page-has-heading-one,0,1,1,0
hubmap,hubmap6,sample,scope-attr-valid,0,7,7,0
hubmap,hubmap6,sample,tabindex,0,11,11,0
hubmap,hubmap6,sample,table-duplicate-name,0,2,2,0
hubmap,hubmap6,sample,td-headers-attr,0,2,2,0
hubmap,hubmap6,sample,th-has-data-cells,0,2,2,0
category,page_id,page_type,issue,violations,passes,total_checks,failure_rate
hubmap,hubmap7,sample,button-name,1,9,10,0.1
hubmap,hubmap7,sample,heading-order,2,25,27,0.07407407407407407
hubmap,hubmap7,sample,html-has-lang,1,0,1,1
hubmap,hubmap7,sample,landmark-one-main,1,0,1,1
hubmap,hubmap7,sample,region,38,299,337,0.11275964391691394
hubmap,hubmap7,sample,scrollable-region-focusable,1,0,1,1
hubmap,hubmap7,sample,aria-allowed-attr,0,13,13,0
hubmap,hubmap7,sample,aria-allowed-role,0,8,8,0
hubmap,hubmap7,sample,aria-conditional-attr,0,13,13,0
hubmap,hubmap7,sample,aria-deprecated-role,0,7,7,0
hubmap,hubmap7,sample,aria-hidden-body,0,1,1,0
hubmap,hubmap7,sample,aria-hidden-focus,0,45,45,0
hubmap,hubmap7,sample,aria-prohibited-attr,0,13,13,0
hubmap,hubmap7,sample,aria-required-attr,0,7,7,0
hubmap,hubmap7,sample,aria-required-children,0,2,2,0
hubmap,hubmap7,sample,aria-required-parent,0,3,3,0
hubmap,hubmap7,sample,aria-roles,0,7,7,0
hubmap,hubmap7,sample,aria-valid-attr-value,0,13,13,0
hubmap,hubmap7,sample,aria-valid-attr,0,13,13,0
hubmap,hubmap7,sample,avoid-inline-spacing,0,6,6,0
hubmap,hubmap7,sample,bypass,0,1,1,0
hubmap,hubmap7,sample,color-contrast,0,101,101,0
hubmap,hubmap7,sample,document-title,0,1,1,0
hubmap,hubmap7,sample,duplicate-id-aria,0,2,2,0
hubmap,hubmap7,sample,empty-heading,0,27,27,0
hubmap,hubmap7,sample,empty-table-header,0,7,7,0
hubmap,hubmap7,sample,landmark-banner-is-top-level,0,1,1,0
hubmap,hubmap7,sample,landmark-no-duplicate-banner,0,1,1,0
hubmap,hubmap7,sample,landmark-unique,0,2,2,0
hubmap,hubmap7,sample,link-name,0,34,34,0
hubmap,hubmap7,sample,list,0,1,1,0
hubmap,hubmap7,sample,listitem,0,7,7,0
hubmap,hubmap7,sample,meta-viewport-large,0,1,1,0
hubmap,hubmap7,sample,meta-viewport,0,1,1,0
hubmap,hubmap7,sample,nested-interactive,0,22,22,0
hubmap,hubmap7,sample,page-has-heading-one,0,1,1,0
hubmap,hubmap7,sample,scope-attr-valid,0,7,7,0
hubmap,hubmap7,sample,tabindex,0,12,12,0
hubmap,hubmap7,sample,table-duplicate-name,0,2,2,0
hubmap,hubmap7,sample,td-headers-attr,0,2,2,0
hubmap,hubmap7,sample,th-has-data-cells,0,2,2,0
category,page_id,page_type,issue,violations,passes,total_checks,failure_rate
hubmap,hubmap8,dataset,button-name,1,23,24,0.041666666666666664
hubmap,hubmap8,dataset,heading-order,3,27,30,0.1
hubmap,hubmap8,dataset,html-has-lang,1,0,1,1
hubmap,hubmap8,dataset,landmark-no-duplicate-banner,1,0,1,1
hubmap,hubmap8,dataset,landmark-no-duplicate-main,1,0,1,1
hubmap,hubmap8,dataset,landmark-unique,2,2,4,0.5
hubmap,hubmap8,dataset,nested-interactive,1,47,48,0.020833333333333332
hubmap,hubmap8,dataset,region,59,500,559,0.10554561717352415
hubmap,hubmap8,dataset,scrollable-region-focusable,1,0,1,1
hubmap,hubmap8,dataset,svg-img-alt,1,0,1,1
hubmap,hubmap8,dataset,aria-allowed-attr,0,37,37,0
hubmap,hubmap8,dataset,aria-allowed-role,0,29,29,0
hubmap,hubmap8,dataset,aria-command-name,0,1,1,0
hubmap,hubmap8,dataset,aria-conditional-attr,0,37,37,0
hubmap,hubmap8,dataset,aria-deprecated-role,0,26,26,0
hubmap,hubmap8,dataset,aria-hidden-body,0,1,1,0
hubmap,hubmap8,dataset,aria-hidden-focus,0,95,95,0
hubmap,hubmap8,dataset,aria-input-field-name,0,1,1,0
hubmap,hubmap8,dataset,aria-prohibited-attr,0,36,36,0
hubmap,hubmap8,dataset,aria-required-attr,0,26,26,0
hubmap,hubmap8,dataset,aria-required-children,0,1,1,0
hubmap,hubmap8,dataset,aria-required-parent,0,3,3,0
hubmap,hubmap8,dataset,aria-roles,0,26,26,0
hubmap,hubmap8,dataset,aria-valid-attr-value,0,37,37,0
hubmap,hubmap8,dataset,aria-valid-attr,0,37,37,0
hubmap,hubmap8,dataset,avoid-inline-spacing,0,19,19,0
hubmap,hubmap8,dataset,bypass,0,1,1,0
hubmap,hubmap8,dataset,color-contrast,0,129,129,0
hubmap,hubmap8,dataset,document-title,0,1,1,0
hubmap,hubmap8,dataset,duplicate-id-aria,0,8,8,0
hubmap,hubmap8,dataset,empty-heading,0,30,30,0
hubmap,hubmap8,dataset,empty-table-header,0,5,5,0
hubmap,hubmap8,dataset,form-field-multiple-labels,0,1,1,0
hubmap,hubmap8,dataset,label-title-only,0,1,1,0
hubmap,hubmap8,dataset,label,0,1,1,0
hubmap,hubmap8,dataset,landmark-banner-is-top-level,0,4,4,0
hubmap,hubmap8,dataset,landmark-main-is-top-level,0,3,3,0
hubmap,hubmap8,dataset,landmark-one-main,0,1,1,0
hubmap,hubmap8,dataset,link-name,0,40,40,0
hubmap,hubmap8,dataset,list,0,1,1,0
hubmap,hubmap8,dataset,listitem,0,7,7,0
hubmap,hubmap8,dataset,meta-viewport-large,0,1,1,0
hubmap,hubmap8,dataset,meta-viewport,0,1,1,0
hubmap,hubmap8,dataset,page-has-heading-one,0,1,1,0
hubmap,hubmap8,dataset,scope-attr-valid,0,5,5,0
hubmap,hubmap8,dataset,tabindex,0,24,24,0
hubmap,hubmap8,dataset,table-duplicate-name,0,2,2,0
hubmap,hubmap8,dataset,td-headers-attr,0,2,2,0
hubmap,hubmap8,dataset,th-has-data-cells,0,2,2,0
category,page_id,page_type,issue,violations,passes,total_checks,failure_rate
hubmap,hubmap9,dataset,aria-command-name,1,16,17,0.058823529411764705
hubmap,hubmap9,dataset,aria-required-children,4,2,6,0.6666666666666666
hubmap,hubmap9,dataset,aria-required-parent,1,6,7,0.14285714285714285
hubmap,hubmap9,dataset,button-name,1,58,59,0.01694915254237288
hubmap,hubmap9,dataset,heading-order,3,29,32,0.09375
hubmap,hubmap9,dataset,html-has-lang,1,0,1,1
hubmap,hubmap9,dataset,label,1,1,2,0.5
hubmap,hubmap9,dataset,landmark-no-duplicate-banner,1,0,1,1
hubmap,hubmap9,dataset,landmark-no-duplicate-main,1,0,1,1
hubmap,hubmap9,dataset,landmark-unique,2,1,3,0.6666666666666666
hubmap,hubmap9,dataset,region,68,632,700,0.09714285714285714
hubmap,hubmap9,dataset,scrollable-region-focusable,1,3,4,0.25
hubmap,hubmap9,dataset,svg-img-alt,6,0,6,1
hubmap,hubmap9,dataset,aria-allowed-attr,0,50,50,0
hubmap,hubmap9,dataset,aria-allowed-role,0,63,63,0
hubmap,hubmap9,dataset,aria-conditional-attr,0,50,50,0
hubmap,hubmap9,dataset,aria-deprecated-role,0,61,61,0
hubmap,hubmap9,dataset,aria-hidden-body,0,1,1,0
hubmap,hubmap9,dataset,aria-hidden-focus,0,111,111,0
hubmap,hubmap9,dataset,aria-prohibited-attr,0,50,50,0
hubmap,hubmap9,dataset,aria-required-attr,0,61,61,0
hubmap,hubmap9,dataset,aria-roles,0,61,61,0
hubmap,hubmap9,dataset,aria-treeitem-name,0,1,1,0
hubmap,hubmap9,dataset,aria-valid-attr-value,0,50,50,0
hubmap,hubmap9,dataset,aria-valid-attr,0,50,50,0
hubmap,hubmap9,dataset,avoid-inline-spacing,0,43,43,0
hubmap,hubmap9,dataset,bypass,0,1,1,0
hubmap,hubmap9,dataset,color-contrast,0,157,157,0
hubmap,hubmap9,dataset,document-title,0,1,1,0
hubmap,hubmap9,dataset,duplicate-id-aria,0,20,20,0
hubmap,hubmap9,dataset,empty-heading,0,32,32,0
hubmap,hubmap9,dataset,empty-table-header,0,5,5,0
hubmap,hubmap9,dataset,form-field-multiple-labels,0,2,2,0
hubmap,hubmap9,dataset,label-title-only,0,2,2,0
hubmap,hubmap9,dataset,landmark-banner-is-top-level,0,6,6,0
hubmap,hubmap9,dataset,landmark-main-is-top-level,0,5,5,0
hubmap,hubmap9,dataset,landmark-one-main,0,1,1,0
hubmap,hubmap9,dataset,link-name,0,33,33,0
hubmap,hubmap9,dataset,list,0,1,1,0
hubmap,hubmap9,dataset,listitem,0,7,7,0
hubmap,hubmap9,dataset,meta-viewport-large,0,1,1,0
hubmap,hubmap9,dataset,meta-viewport,0,1,1,0
hubmap,hubmap9,dataset,nested-interactive,0,102,102,0
hubmap,hubmap9,dataset,page-has-heading-one,0,1,1,0
hubmap,hubmap9,dataset,scope-attr-valid,0,5,5,0
hubmap,hubmap9,dataset,tabindex,0,42,42,0
hubmap,hubmap9,dataset,table-duplicate-name,0,2,2,0
hubmap,hubmap9,dataset,td-headers-attr,0,2,2,0
hubmap,hubmap9,dataset,th-has-data-cells,0,2,2,0
